# id	zone_id	english_name	english_country	english_sort	chinese_name	chinese_country	chinese_sort	search_aliases
201000489	Asia/Istanbul	Istanbul	Turkey	Istanbul	伊斯坦布尔	土耳其	yi si tan bu er	istanbul | 伊斯坦布尔 istanbul yisitanbuer | ystbe | 斯坦布尔 sitanbuer 坦布尔 tanbuer 布尔 buer 尔 er | turkey | 土耳其 turkey tuerqi | teq | 耳其 erqi 其 qi
201000855	Africa/Abidjan	Abidjan	Cote d'Ivoire	Abidjan	阿比让	科特迪瓦	a bi rang	abidjan | 阿比让 abidjan abirang | abr | 比让 birang 让 rang | cote d'ivoire | 科特迪瓦 cote d'ivoire ketediwa | cd | ktdw | d'ivoire | 特迪瓦 tediwa 迪瓦 diwa 瓦 wa
201000730	Africa/Dakar	Dakar	Senegal	Dakar	达喀尔	塞内加尔	da ka er	dakar | 达喀尔 dakar dakaer | dke | 喀尔 kaer 尔 er | senegal | 塞内加尔 senegal saineijiaer | snje | 内加尔 neijiaer 加尔 jiaer 尔 er
201000858	Asia/Amman	Amman	Jordan	Amman	安曼	约旦	an man	amman | 安曼 amman anman | am | 曼 man | jordan | 约旦 jordan yuedan | yd | 旦 dan
201000914	Asia/Anadyr	Anadyr	Russia	Anadyr	阿纳德尔	俄罗斯	a na de er	anadyr | 阿纳德尔 anadyr anadeer | ande | 纳德尔 nadeer 德尔 deer 尔 er | russia | 俄罗斯 russia eluosi | els | 罗斯 luosi 斯 si
201000915	Asia/Aqtau	Aqtau	Kazakhstan	Aqtau	阿克套	哈萨克斯坦	a ke tao	aqtau | 阿克套 aqtau aketao | akt | 克套 ketao 套 tao | kazakhstan | 哈萨克斯坦 kazakhstan hasakesitan | hskst | 萨克斯坦 sakesitan 克斯坦 kesitan 斯坦 sitan 坦 tan
201000445	Asia/Baghdad	Baghdad	Iraq	Baghdad	巴格达	伊拉克	ba ge da	baghdad | 巴格达 baghdad bageda | bgd | 格达 geda 达 da | iraq | 伊拉克 iraq yilake | ylk | 拉克 lake 克 ke
201000916	Asia/Bahrain	Bahrain	Bahrain	Bahrain	巴林	巴林	ba lin	bahrain | 巴林 bahrain balin | bl | 林 lin
201000917	Asia/Baku	Baku	Azerbaijan	Baku	巴库	阿塞拜疆	ba ku	baku | 巴库 baku baku | bk | 库 ku | azerbaijan | 阿塞拜疆 azerbaijan asaibaijiang | asbj | 塞拜疆 saibaijiang 拜疆 baijiang 疆 jiang
201000544	Asia/Bangkok	Bangkok	Thailand	Bangkok	曼谷	泰国	man gu	bangkok | 曼谷 bangkok mangu | mg | 谷 gu | thailand | 泰国 thailand taiguo | tg | 国 guo
201000898	Asia/Beirut	Beirut	Lebanon	Beirut	贝鲁特	黎巴嫩	bei lu te	beirut | 贝鲁特 beirut beilute | blt | 鲁特 lute 特 te | lebanon | 黎巴嫩 lebanon libanen | lbn | 巴嫩 banen 嫩 nen
201000468	Asia/Damascus	Damascus	Syria	Damascus	大马士革	叙利亚	da ma shi ge	damascus | 大马士革 damascus damashige | dmsg | 马士革 mashige 士革 shige 革 ge | syria | 叙利亚 syria xuliya | xly | 利亚 liya 亚 ya
201000722	Africa/Dar_es_Salaam	Dar es Salaam	Tanzania	Dar es Salaam	达累斯萨拉姆	坦桑尼亚	da lei si sa la mu	dar es salaam | 达累斯萨拉姆 dar es salaam daleisisalamu | des | dlsslm | essalaam salaam | 累斯萨拉姆 leisisalamu 斯萨拉姆 sisalamu 萨拉姆 salamu 拉姆 lamu 姆 mu | tanzania | 坦桑尼亚 tanzania tansangniya | tsny | 桑尼亚 sangniya 尼亚 niya 亚 ya
201000748	Asia/Dhaka	Dhaka	Bangladesh	Dhaka	达卡	孟加拉国	da ka	dhaka | 达卡 dhaka daka | dk | 卡 ka | bangladesh | 孟加拉国 bangladesh mengjialaguo | mjlg | 加拉国 jialaguo 拉国 laguo 国 guo
201000918	Asia/Dubai	Dubai	United Arab Emirates	Dubai	迪拜	阿拉伯联合酋长国	di bai	dubai | 迪拜 dubai dibai | db | 拜 bai | united arab emirates | 阿拉伯联合酋长国 united arab emirates alabolianheqiuzhangguo | uae | alblhqzg | arabemirates emirates | 拉伯联合酋长国 labolianheqiuzhangguo 伯联合酋长国 bolianheqiuzhangguo 联合酋长国 lianheqiuzhangguo 合酋长国 heqiuzhangguo 酋长国 qiuzhangguo 长国 zhangguo 国 guo
201000919	Asia/Gaza	Gaza	Palestine Territories	Gaza	加沙	巴勒斯坦	jia sha	gaza | 加沙 gaza jiasha | js | 沙 sha | palestine territories | 巴勒斯坦 palestine territories balesitan | pt | blst | territories | 勒斯坦 lesitan 斯坦 sitan 坦 tan
201000920	Asia/Hebron	Hebron	Palestine Territories	Hebron	希伯伦	巴勒斯坦	xi bo lun	hebron | 希伯伦 hebron xibolun | xbl | 伯伦 bolun 伦 lun | palestine territories | 巴勒斯坦 palestine territories balesitan | pt | blst | territories | 勒斯坦 lesitan 斯坦 sitan 坦 tan
201000642	Asia/Ho_Chi_Minh	Ho Chi Minh City	Vietnam	Ho Chi Minh City	胡志明市	越南	hu zhi ming shi	ho chi minh city | 胡志明市 ho chi minh city huzhimingshi | hcmc | hzms | chiminhcity minhcity city | 志明市 zhimingshi 明市 mingshi 市 shi | vietnam | 越南 vietnam yuenan | yn | 南 nan
101320101	Asia/Hong_Kong	Hong Kong	China	Hong Kong	香港	中国	xiang gang	hong kong | 香港 hong kong xianggang | hk | xg | kong | 港 gang | china | 中国 china zhongguo | zg | 国 guo
201000462	Asia/Jakarta	Jakarta	Indonesia	Jakarta	雅加达	印度尼西亚	ya jia da	jakarta | 雅加达 jakarta yajiada | yjd | 加达 jiada 达 da | indonesia | 印度尼西亚 indonesia yindunixiya | ydnxy | 度尼西亚 dunixiya 尼西亚 nixiya 西亚 xiya 亚 ya
201000904	Asia/Jerusalem	Jerusalem		Jerusalem	耶路撒冷		ye lu sa leng	jerusalem | 耶路撒冷 jerusalem yelusaleng | ylsl | 路撒冷 lusaleng 撒冷 saleng 冷 leng
201000652	Asia/Kabul	Kabul	Afghanistan	Kabul	喀布尔	阿富汗	ka bu er	kabul | 喀布尔 kabul kabuer | kbe | 布尔 buer 尔 er | afghanistan | 阿富汗 afghanistan afuhan | afh | 富汗 fuhan 汗 han
201000921	Africa/Djibouti	Djibouti	Djibouti	Djibouti	吉布提	吉布提	ji bu ti	djibouti | 吉布提 djibouti jibuti | jbt | 布提 buti 提 ti
201000922	Asia/Karachi	Karachi	Pakistan	Karachi	卡拉奇	巴基斯坦	ka la qi	karachi | 卡拉奇 karachi kalaqi | klq | 拉奇 laqi 奇 qi | pakistan | 巴基斯坦 pakistan bajisitan | bjst | 基斯坦 jisitan 斯坦 sitan 坦 tan
201000764	Asia/Kathmandu	Kathmandu	Nepal	Kathmandu	加德满都	尼泊尔	jia de man du	kathmandu | 加德满都 kathmandu jiademandu | jdmd | 德满都 demandu 满都 mandu 都 du | nepal | 尼泊尔 nepal niboer | nbe | 泊尔 boer 尔 er
201000193	Asia/Kuala_Lumpur	Kuala Lumpur	Malaysia	Kuala Lumpur	吉隆坡	马来西亚	ji long po	kuala lumpur | 吉隆坡 kuala lumpur jilongpo | kl | jlp | lumpur | 隆坡 longpo 坡 po | malaysia | 马来西亚 malaysia malaixiya | mlxy | 来西亚 laixiya 西亚 xiya 亚 ya
201000923	Asia/Kuwait	Kuwait	Kuwait	Kuwait	科威特	科威特	ke wei te	kuwait | 科威特 kuwait keweite | kwt | 威特 weite 特 te
101330101	Asia/Macau	Macau	China	Macau	澳门	中国	ao men	macau | 澳门 macau aomen | am | 门 men | china | 中国 china zhongguo | zg | 国 guo
201000627	Asia/Manila	Manila	Philippines	Manila	马尼拉	菲律宾	ma ni la	manila | 马尼拉 manila manila | mnl | 尼拉 nila 拉 la | philippines | 菲律宾 philippines feilübin | flb | 律宾 lübin 宾 bin
201000924	Asia/Muscat	Muscat	Oman	Muscat	马斯喀特	阿曼	ma si ka te	muscat | 马斯喀特 muscat masikate | mskt | 斯喀特 sikate 喀特 kate 特 te | oman | 阿曼 oman aman | am | 曼 man
201000524	Asia/Phnom_Penh	Phnom Penh	Cambodia	Phnom Penh	金边	柬埔寨	jin bian	phnom penh | 金边 phnom penh jinbian | pp | jb | penh | 边 bian | cambodia | 柬埔寨 cambodia jianpuzhai | jpz | 埔寨 puzhai 寨 zhai
201000512	Asia/Pyongyang	Pyongyang	North Korea	Pyongyang	平壤	朝鲜	ping rang	pyongyang | 平壤 pyongyang pingrang | pr | 壤 rang | north korea | 朝鲜 north korea chaoxian | nk | cx | korea | 鲜 xian
201000732	Africa/Freetown	Freetown	Sierra Leone	Freetown	弗里敦	塞拉利昂	fu li dun	freetown | 弗里敦 freetown fulidun | fld | 里敦 lidun 敦 dun | sierra leone | 塞拉利昂 sierra leone sailaliang | sl | slla | leone | 拉利昂 laliang 利昂 liang 昂 ang
201000533	Asia/Riyadh	Riyadh	Saudi Arabia	Riyadh	利雅得	沙特阿拉伯	li ya de	riyadh | 利雅得 riyadh liyade | lyd | 雅得 yade 得 de | saudi arabia | 沙特阿拉伯 saudi arabia shatealabo | sa | stalb | arabia | 特阿拉伯 tealabo 阿拉伯 alabo 拉伯 labo 伯 bo
201000221	Asia/Seoul	Seoul	South Korea	Seoul	首尔	韩国	shou er	seoul | 首尔 seoul shouer | se | 尔 er | south korea | 韩国 south korea hanguo | sk | hg | korea | 国 guo
101020100	Asia/Shanghai	Shanghai	China	Shanghai	上海	中国	shang hai	shanghai | 上海 shanghai shanghai | sh | 海 hai | china | 中国 china zhongguo | zg | 国 guo
201000157	Asia/Singapore	Singapore	Singapore	Singapore	新加坡	新加坡	xin jia po	singapore | 新加坡 singapore xinjiapo | xjp | 加坡 jiapo 坡 po
201000020	Asia/Taipei	Taipei	China	Taipei	台北	中国	tai bei	taipei | 台北 taipei taibei | tb | 北 bei | china | 中国 china zhongguo | zg | 国 guo
201000451	Asia/Tehran	Tehran	Iran	Tehran	德黑兰	伊朗	de hei lan	tehran | 德黑兰 tehran deheilan | dhl | 黑兰 heilan 兰 lan | iran | 伊朗 iran yilang | yl | 朗 lang
201000925	Asia/Tel_Aviv	Tel Aviv	Israel	Tel Aviv	特拉维夫	以色列	te la wei fu	tel aviv | 特拉维夫 tel aviv telaweifu | ta | tlwf | aviv | 拉维夫 laweifu 维夫 weifu 夫 fu | israel | 以色列 israel yiselie | ysl | 色列 selie 列 lie
201000197	Asia/Tokyo	Tokyo	Japan	Tokyo	东京	日本	dong jing	tokyo | 东京 tokyo dongjing | dj | 京 jing | japan | 日本 japan riben | rb | 本 ben
201000701	Africa/Gaborone	Gaborone	Botswana	Gaborone	哈博罗内	博茨瓦纳	ha bo luo nei	gaborone | 哈博罗内 gaborone haboluonei | hbln | 博罗内 boluonei 罗内 luonei 内 nei | botswana | 博茨瓦纳 botswana bociwana | bcwn | 茨瓦纳 ciwana 瓦纳 wana 纳 na
201000926	Asia/Ulaanbaatar	Ulaanbaatar	Mongolia	Ulaanbaatar	乌兰巴托	蒙古国	wu lan ba tuo	ulaanbaatar | 乌兰巴托 ulaanbaatar wulanbatuo | wlbt | 兰巴托 lanbatuo 巴托 batuo 托 tuo | mongolia | 蒙古国 mongolia mengguguo | mgg | 古国 guguo 国 guo
201000927	Atlantic/Bermuda	Bermuda	Bermuda	Bermuda	百慕大	百慕大	bai mu da	bermuda | 百慕大 bermuda baimuda | bmd | 慕大 muda 大 da
201000928	Atlantic/Canary	Canary Islands	Spain	Canary Islands	加那利群岛	西班牙	jia na li qun dao	canary islands | 加那利群岛 canary islands jianaliqundao | ci | jnlqd | islands | 那利群岛 naliqundao 利群岛 liqundao 群岛 qundao 岛 dao | spain | 西班牙 spain xibanya | xby | 班牙 banya 牙 ya
201000929	Atlantic/Cape_Verde	Cape Verde	Cape Verde	Cape Verde	佛得角	佛得角	fo de jiao	cape verde | 佛得角 cape verde fodejiao | cv | fdj | verde | 得角 dejiao 角 jiao
201000930	Atlantic/Reykjavik	Reykjavik	Iceland	Reykjavik	雷克雅未克	冰岛	lei ke ya wei ke	reykjavik | 雷克雅未克 reykjavik leikeyaweike | lkywk | 克雅未克 keyaweike 雅未克 yaweike 未克 weike 克 ke | iceland | 冰岛 iceland bingdao | bd | 岛 dao
201000931	Atlantic/Stanley	Stanley	Falkland Islands	Stanley	斯坦利	福克兰群岛	si tan li	stanley | 斯坦利 stanley sitanli | stl | 坦利 tanli 利 li | falkland islands | 福克兰群岛 falkland islands fukelanqundao | fi | fklqd | islands | 克兰群岛 kelanqundao 兰群岛 lanqundao 群岛 qundao 岛 dao
201000101	Australia/Adelaide	Adelaide	Australia	Adelaide	阿德莱德	澳大利亚	a de lai de	adelaide | 阿德莱德 adelaide adelaide | adld | 德莱德 delaide 莱德 laide 德 de | australia | 澳大利亚 australia aodaliya | adly | 大利亚 daliya 利亚 liya 亚 ya
201000094	Australia/Brisbane	Brisbane	Australia	Brisbane	布里斯班	澳大利亚	bu li si ban	brisbane | 布里斯班 brisbane bulisiban | blsb | 里斯班 lisiban 斯班 siban 班 ban | australia | 澳大利亚 australia aodaliya | adly | 大利亚 daliya 利亚 liya 亚 ya
201000099	Australia/Canberra	Canberra	Australia	Canberra	堪培拉	澳大利亚	kan pei la	canberra | 堪培拉 canberra kanpeila | kpl | 培拉 peila 拉 la | australia | 澳大利亚 australia aodaliya | adly | 大利亚 daliya 利亚 liya 亚 ya
201000108	Australia/Darwin	Darwin	Australia	Darwin	达尔文	澳大利亚	da er wen	darwin | 达尔文 darwin daerwen | dew | 尔文 erwen 文 wen | australia | 澳大利亚 australia aodaliya | adly | 大利亚 daliya 利亚 liya 亚 ya
201000932	Africa/Harare	Harare	Zimbabwe	Harare	哈拉雷	津巴布韦	ha la lei	harare | 哈拉雷 harare halalei | hll | 拉雷 lalei 雷 lei | zimbabwe | 津巴布韦 zimbabwe jinbabuwei | jbbw | 巴布韦 babuwei 布韦 buwei 韦 wei
201000090	Australia/Melbourne	Melbourne	Australia	Melbourne	墨尔本	澳大利亚	mo er ben	melbourne | 墨尔本 melbourne moerben | meb | 尔本 erben 本 ben | australia | 澳大利亚 australia aodaliya | adly | 大利亚 daliya 利亚 liya 亚 ya
201000933	Australia/NSW	New South Wales	Australia	New South Wales	新南威尔士	澳大利亚	xin nan wei er shi	new south wales | 新南威尔士 new south wales xinnanweiershi | nsw | xnwes | southwales wales | 南威尔士 nanweiershi 威尔士 weiershi 尔士 ershi 士 shi | australia | 澳大利亚 australia aodaliya | adly | 大利亚 daliya 利亚 liya 亚 ya
201000096	Australia/Perth	Perth	Australia	Perth	珀斯	澳大利亚	po si	perth | 珀斯 perth posi | ps | 斯 si | australia | 澳大利亚 australia aodaliya | adly | 大利亚 daliya 利亚 liya 亚 ya
201000934	Australia/Queensland	Queensland	Australia	Queensland	昆士兰	澳大利亚	kun shi lan	queensland | 昆士兰 queensland kunshilan | ksl | 士兰 shilan 兰 lan | australia | 澳大利亚 australia aodaliya | adly | 大利亚 daliya 利亚 liya 亚 ya
201000104	Australia/Sydney	Sydney	Australia	Sydney	悉尼	澳大利亚	xi ni	sydney | 悉尼 sydney xini | xn | 尼 ni | australia | 澳大利亚 australia aodaliya | adly | 大利亚 daliya 利亚 liya 亚 ya
201000935	Canada/Newfoundland	Newfoundland	United States	Newfoundland	纽芬兰	加拿大	niu fen lan	newfoundland | 纽芬兰 newfoundland niufenlan | nfl | 芬兰 fenlan 兰 lan | united states | 加拿大 united states jianada | us | jnd | states | 拿大 nada 大 da
201000936	Canada/Saskatchewan	Saskatoon	Canada	Saskatoon	萨斯卡通	加拿大	sa si ka tong	saskatoon | 萨斯卡通 saskatoon sasikatong | sskt | 斯卡通 sikatong 卡通 katong 通 tong | canada | 加拿大 canada jianada | jnd | 拿大 nada 大 da
201000937	Chile/EasterIsland	Easter Island	Republic of Chile	Easter Island	复活节岛	智利共和国	fu huo jie dao	easter island | 复活节岛 easter island fuhuojiedao | ei | fhjd | island | 活节岛 huojiedao 节岛 jiedao 岛 dao | republic of chile | 智利共和国 republic of chile zhiligongheguo | roc | zlghg | ofchile chile | 利共和国 ligongheguo 共和国 gongheguo 和国 heguo 国 guo
201000403	Europe/Amsterdam	Amsterdam	Netherlands	Amsterdam	阿姆斯特丹	荷兰	a mu si te dan	amsterdam | 阿姆斯特丹 amsterdam amusitedan | amstd | 姆斯特丹 musitedan 斯特丹 sitedan 特丹 tedan 丹 dan | netherlands | 荷兰 netherlands helan | hl | 兰 lan
201000458	Africa/Johannesburg	Johannesburg	South Africa	Johannesburg	约翰内斯堡	南非	yue han nei si bao	johannesburg | 约翰内斯堡 johannesburg yuehanneisibao | yhnsb | 翰内斯堡 hanneisibao 内斯堡 neisibao 斯堡 sibao 堡 bao | south africa | 南非 south africa nanfei | sa | nf | africa | 非 fei
201000754	Europe/Andorra	Andorra la Vella	Andorra	Andorra la Vella	安道尔城	安道尔	an dao er cheng	andorra la vella | 安道尔城 andorra la vella andaoercheng | alv | adec | lavella vella | 道尔城 daoercheng 尔城 ercheng 城 cheng | andorra | 安道尔 andorra andaoer | ade | 道尔 daoer 尔 er
201000392	Europe/Athens	Athens	Greece	Athens	雅典	希腊	ya dian	athens | 雅典 athens yadian | yd | 典 dian | greece | 希腊 greece xila | xl | 腊 la
201000110	Europe/Belfast	Belfast	United Kingdom	Belfast	贝尔法斯特	英国	bei er fa si te	belfast | 贝尔法斯特 belfast beierfasite | befst | 尔法斯特 erfasite 法斯特 fasite 斯特 site 特 te | united kingdom | 英国 united kingdom yingguo | uk | yg | kingdom | 国 guo
201000902	Europe/Belgrade	Belgrade	Serbia	Belgrade	贝尔格莱德	塞尔维亚	bei er ge lai de	belgrade | 贝尔格莱德 belgrade beiergelaide | begld | 尔格莱德 ergelaide 格莱德 gelaide 莱德 laide 德 de | serbia | 塞尔维亚 serbia saierweiya | sewy | 尔维亚 erweiya 维亚 weiya 亚 ya
201000260	Europe/Berlin	Berlin	Germany	Berlin	柏林	德国	bo lin	berlin | 柏林 berlin bolin | bl | 林 lin | germany | 德国 germany deguo | dg | 国 guo
201000938	Europe/Bratislava	Bratislava	Slovakia	Bratislava	布拉迪斯拉发	斯洛伐克	bu la di si la fa	bratislava | 布拉迪斯拉发 bratislava buladisilafa | bldslf | 拉迪斯拉发 ladisilafa 迪斯拉发 disilafa 斯拉发 silafa 拉发 lafa 发 fa | slovakia | 斯洛伐克 slovakia siluofake | slfk | 洛伐克 luofake 伐克 fake 克 ke
201000522	Europe/Brussels	Brussels	Belgium	Brussels	布鲁塞尔	比利时	bu lu sai er	brussels | 布鲁塞尔 brussels bulusaier | blse | 鲁塞尔 lusaier 塞尔 saier 尔 er | belgium | 比利时 belgium bilishi | bls | 利时 lishi 时 shi
201000607	Europe/Bucharest	Bucharest	Romania	Bucharest	布加勒斯特	罗马尼亚	bu jia le si te	bucharest | 布加勒斯特 bucharest bujialesite | bjlst | 加勒斯特 jialesite 勒斯特 lesite 斯特 site 特 te | romania | 罗马尼亚 romania luomaniya | lmny | 马尼亚 maniya 尼亚 niya 亚 ya
201000454	Europe/Budapest	Budapest	Hungary	Budapest	布达佩斯	匈牙利	bu da pei si	budapest | 布达佩斯 budapest budapeisi | bdps | 达佩斯 dapeisi 佩斯 peisi 斯 si | hungary | 匈牙利 hungary xiongyali | xyl | 牙利 yali 利 li
201000939	Europe/Chisinau	Chisinau	Moldova	Chisinau	基希讷乌	摩尔多瓦	ji xi ne wu	chisinau | 基希讷乌 chisinau jixinewu | jxnw | 希讷乌 xinewu 讷乌 newu 乌 wu | moldova | 摩尔多瓦 moldova moerduowa | medw | 尔多瓦 erduowa 多瓦 duowa 瓦 wa
201000668	Africa/Kampala	Kampala	Uganda	Kampala	坎帕拉	乌干达	kan pa la	kampala | 坎帕拉 kampala kanpala | kpl | 帕拉 pala 拉 la | uganda | 乌干达 uganda wuganda | wgd | 干达 ganda 达 da
201000344	Europe/Copenhagen	Copenhagen	Denmark	Copenhagen	哥本哈根	丹麦	ge ben ha gen	copenhagen | 哥本哈根 copenhagen gebenhagen | gbhg | 本哈根 benhagen 哈根 hagen 根 gen | denmark | 丹麦 denmark danmai | dm | 麦 mai
201000940	Europe/Dublin	Dublin	Ireland	Dublin	都柏林	爱尔兰共和国	du bo lin	dublin | 都柏林 dublin dubolin | dbl | 柏林 bolin 林 lin | ireland | 爱尔兰共和国 ireland aierlangongheguo | aelghg | 尔兰共和国 erlangongheguo 兰共和国 langongheguo 共和国 gongheguo 和国 heguo 国 guo
201000941	Europe/Gibraltar	Gibraltar	Gibraltar	Gibraltar	直布罗陀	直布罗陀	zhi bu luo tuo	gibraltar | 直布罗陀 gibraltar zhibuluotuo | zblt | 布罗陀 buluotuo 罗陀 luotuo 陀 tuo
201000616	Europe/Helsinki	Helsinki	Finland	Helsinki	赫尔辛基	芬兰	he er xin ji	helsinki | 赫尔辛基 helsinki heerxinji | hexj | 尔辛基 erxinji 辛基 xinji 基 ji | finland | 芬兰 finland fenlan | fl | 兰 lan
201000429	Europe/Kiev	Kiev	Ukraine	Kiev	基辅	乌克兰	ji fu	kiev | 基辅 kiev jifu | jf | 辅 fu | ukraine | 乌克兰 ukraine wukelan | wkl | 克兰 kelan 兰 lan
201000412	Europe/Lisbon	Lisbon	Portugal	Lisbon	里斯本	葡萄牙	li si ben	lisbon | 里斯本 lisbon lisiben | lsb | 斯本 siben 本 ben | portugal | 葡萄牙 portugal putaoya | pty | 萄牙 taoya 牙 ya
201000135	Europe/London	London	United Kingdom	London	伦敦	英国	lun dun	london | 伦敦 london lundun | ld | 敦 dun | united kingdom | 英国 united kingdom yingguo | uk | yg | kingdom | 国 guo
201000705	Europe/Luxembourg	Luxembourg	Luxembourg	Luxembourg	卢森堡	卢森堡	lu sen bao	luxembourg | 卢森堡 luxembourg lusenbao | lsb | 森堡 senbao 堡 bao
201000942	Africa/Khartoum	Khartoum	Sudan	Khartoum	喀土木	苏丹共和国	ka tu mu	khartoum | 喀土木 khartoum katumu | ktm | 土木 tumu 木 mu | sudan | 苏丹共和国 sudan sudangongheguo | sdghg | 丹共和国 dangongheguo 共和国 gongheguo 和国 heguo 国 guo
201000321	Europe/Madrid	Madrid	Spain	Madrid	马德里	西班牙	ma de li	madrid | 马德里 madrid madeli | mdl | 德里 deli 里 li | spain | 西班牙 spain xibanya | xby | 班牙 banya 牙 ya
201000943	Europe/Malta	Malta	Malta	Malta	马耳他	马耳他	ma er ta	malta | 马耳他 malta maerta | met | 耳他 erta 他 ta
201000944	Europe/Minsk	Minsk	Belarus	Minsk	明斯克	白俄罗斯共和国	ming si ke	minsk | 明斯克 minsk mingsike | msk | 斯克 sike 克 ke | belarus | 白俄罗斯共和国 belarus baieluosigongheguo | belsghg | 俄罗斯共和国 eluosigongheguo 罗斯共和国 luosigongheguo 斯共和国 sigongheguo 共和国 gongheguo 和国 heguo 国 guo
201000945	Europe/Monaco	Monaco	Monaco	Monaco	摩纳哥	摩纳哥	mo na ge	monaco | 摩纳哥 monaco monage | mng | 纳哥 nage 哥 ge
201000244	Europe/Moscow	Moscow	Russia	Moscow	莫斯科	俄罗斯	mo si ke	moscow | 莫斯科 moscow mosike | msk | 斯科 sike 科 ke | russia | 俄罗斯 russia eluosi | els | 罗斯 luosi 斯 si
201000399	Europe/Oslo	Oslo	Norway	Oslo	奥斯陆	挪威	ao si lu	oslo | 奥斯陆 oslo aosilu | asl | 斯陆 silu 陆 lu | norway | 挪威 norway nuowei | nw | 威 wei
201000328	Europe/Paris	Paris	France	Paris	巴黎	法国	ba li	paris | 巴黎 paris bali | bl | 黎 li | france | 法国 france faguo | fg | 国 guo
201000946	Europe/Prague	Prague	Czech Republic	Prague	布拉格	捷克共和国	bu la ge	prague | 布拉格 prague bulage | blg | 拉格 lage 格 ge | czech republic | 捷克共和国 czech republic jiekegongheguo | cr | jkghg | republic | 克共和国 kegongheguo 共和国 gongheguo 和国 heguo 国 guo
201000788	Europe/Riga	Riga	Latvia	Riga	里加	拉脱维亚	li jia	riga | 里加 riga lijia | lj | 加 jia | latvia | 拉脱维亚 latvia latuoweiya | ltwy | 脱维亚 tuoweiya 维亚 weiya 亚 ya
201000304	Europe/Rome	Rome	Italy	Rome	罗马	意大利	luo ma	rome | 罗马 rome luoma | lm | 马 ma | italy | 意大利 italy yidali | ydl | 大利 dali 利 li
201000907	Africa/Kigali	Kigali	Rwanda	Kigali	基加利	卢旺达	ji jia li	kigali | 基加利 kigali jijiali | jjl | 加利 jiali 利 li | rwanda | 卢旺达 rwanda luwangda | lwd | 旺达 wangda 达 da
201000718	Europe/San_Marino	San Marino	San Marino	San Marino	圣马力诺	圣马力诺	sheng ma li nuo	san marino | 圣马力诺 san marino shengmalinuo | sm | smln | marino | 马力诺 malinuo 力诺 linuo 诺 nuo
201000947	Europe/Sarajevo	Sarajevo	Bosnia and Herzegovina	Sarajevo	萨拉热窝	波斯尼亚和黑塞哥维那	sa la re wo	sarajevo | 萨拉热窝 sarajevo salarewo | slrw | 拉热窝 larewo 热窝 rewo 窝 wo | bosnia and herzegovina | 波斯尼亚和黑塞哥维那 bosnia and herzegovina bosiniyaheheisaigeweina | bah | bsnyhhsgwn | andherzegovina herzegovina | 斯尼亚和黑塞哥维那 siniyaheheisaigeweina 尼亚和黑塞哥维那 niyaheheisaigeweina 亚和黑塞哥维那 yaheheisaigeweina 和黑塞哥维那 heheisaigeweina 黑塞哥维那 heisaigeweina 塞哥维那 saigeweina 哥维那 geweina 维那 weina 那 na
201000433	Europe/Simferopol	Simferopol	Ukraine	Simferopol	辛菲罗波尔	乌克兰	xin fei luo bo er	simferopol | 辛菲罗波尔 simferopol xinfeiluoboer | xflbe | 菲罗波尔 feiluoboer 罗波尔 luoboer 波尔 boer 尔 er | ukraine | 乌克兰 ukraine wukelan | wkl | 克兰 kelan 兰 lan
201000948	Europe/Skopje	Skopje	Macedonia (FYROM)	Skopje	斯科普里	马其顿共和国	si ke pu li	skopje | 斯科普里 skopje sikepuli | skpl | 科普里 kepuli 普里 puli 里 li | macedonia (fyrom) | 马其顿共和国 macedonia (fyrom) maqidungongheguo | m( | mqdghg | (fyrom) | 其顿共和国 qidungongheguo 顿共和国 dungongheguo 共和国 gongheguo 和国 heguo 国 guo
201000678	Europe/Sofia	Sofia	Bulgaria	Sofia	索非亚	保加利亚	suo fei ya	sofia | 索非亚 sofia suofeiya | sfy | 非亚 feiya 亚 ya | bulgaria | 保加利亚 bulgaria baojialiya | bjly | 加利亚 jialiya 利亚 liya 亚 ya
201000569	Europe/Stockholm	Stockholm	Sweden	Stockholm	斯德哥尔摩	瑞典	si de ge er mo	stockholm | 斯德哥尔摩 stockholm sidegeermo | sdgem | 德哥尔摩 degeermo 哥尔摩 geermo 尔摩 ermo 摩 mo | sweden | 瑞典 sweden ruidian | rd | 典 dian
201000837	Europe/Tallinn	Tallinn	Estonia	Tallinn	塔林	爱沙尼亚	ta lin	tallinn | 塔林 tallinn talin | tl | 林 lin | estonia | 爱沙尼亚 estonia aishaniya | asny | 沙尼亚 shaniya 尼亚 niya 亚 ya
201000949	Europe/Vatican	Vatican	Vatican	Vatican	梵蒂冈	梵蒂冈	fan di gang	vatican | 梵蒂冈 vatican fandigang | fdg | 蒂冈 digang 冈 gang
201000497	Europe/Vienna	Vienna	Austria	Vienna	维也纳	奥地利	wei ye na	vienna | 维也纳 vienna weiyena | wyn | 也纳 yena 纳 na | austria | 奥地利 austria aodili | adl | 地利 dili 利 li
201000599	Europe/Vilnius	Vilnius	Lithuania	Vilnius	维尔纽斯	立陶宛	wei er niu si	vilnius | 维尔纽斯 vilnius weierniusi | wens | 尔纽斯 erniusi 纽斯 niusi 斯 si | lithuania | 立陶宛 lithuania litaowan | ltw | 陶宛 taowan 宛 wan
201000694	Africa/Accra	Accra	Ghana	Accra	阿克拉	加纳	a ke la	accra | 阿克拉 accra akela | akl | 克拉 kela 拉 la | ghana | 加纳 ghana jiana | jn | 纳 na
201000950	Africa/Kinshasa	Kinshasa	Democratic Republic of the Congo	Kinshasa	金沙萨	刚果民主共和国	jin sha sa	kinshasa | 金沙萨 kinshasa jinshasa | jss | 沙萨 shasa 萨 sa | democratic republic of the congo | 刚果民主共和国 democratic republic of the congo gangguominzhugongheguo | drotc | ggmzghg | republicofthecongo ofthecongo thecongo congo | 果民主共和国 guominzhugongheguo 民主共和国 minzhugongheguo 主共和国 zhugongheguo 共和国 gongheguo 和国 heguo 国 guo
201000535	Europe/Warsaw	Warsaw	Poland	Warsaw	华沙	波兰	hua sha	warsaw | 华沙 warsaw huasha | hs | 沙 sha | poland | 波兰 poland bolan | bl | 兰 lan
201000684	Europe/Zagreb	Zagreb	Croatia	Zagreb	萨格勒布	克罗地亚	sa ge le bu	zagreb | 萨格勒布 zagreb sagelebu | sglb | 格勒布 gelebu 勒布 lebu 布 bu | croatia | 克罗地亚 croatia keluodiya | kldy | 罗地亚 luodiya 地亚 diya 亚 ya
201000582	Europe/Zurich	Zurich	Switzerland	Zurich	苏黎世	瑞士	su li shi	zurich | 苏黎世 zurich sulishi | sls | 黎世 lishi 世 shi | switzerland | 瑞士 switzerland ruishi | rs | 士 shi
201000661	Indian/Antananarivo	Antananarivo	Madagascar	Antananarivo	塔那那利佛	马达加斯加	ta na na li fo	antananarivo | 塔那那利佛 antananarivo tananalifo | tnnlf | 那那利佛 tanalifo 那利佛 nalifo 利佛 lifo 佛 fo | madagascar | 马达加斯加 madagascar madajiasijia | mdjsj | 达加斯加 dajiasijia 加斯加 jiasijia 斯加 sijia 加 jia
201000951	Indian/Maldives	Maldives	Maldives	Maldives	马尔代夫	马尔代夫	ma er dai fu	maldives | 马尔代夫 maldives maerdaifu | medf | 尔代夫 erdaifu 代夫 daifu 夫 fu
201000213	Pacific/Auckland	Auckland	New Zealand	Auckland	奥克兰	新西兰	ao ke lan	auckland | 奥克兰 auckland aokelan | akl | 克兰 kelan 兰 lan | new zealand | 新西兰 new zealand xinxilan | nz | xxl | zealand | 西兰 xilan 兰 lan
201000952	Pacific/Fiji	Fiji	Fiji	Fiji	斐济	斐济	fei ji	fiji | 斐济 fiji feiji | fj | 济 ji
201000953	Pacific/Guam	Guam	Guam	Guam	关岛	关岛	guan dao	guam | 关岛 guam guandao | gd | 岛 dao
201000051	Pacific/Honolulu	Honolulu	United States	Honolulu	檀香山	美国	tan xiang shan	honolulu | 檀香山 honolulu tanxiangshan | txs | 香山 xiangshan 山 shan | united states | 美国 united states meiguo | us | mg | states | 国 guo
201000954	Africa/Lagos	Lagos	Nigeria	Lagos	拉各斯	尼日利亚	la ge si	lagos | 拉各斯 lagos lagesi | lgs | 各斯 gesi 斯 si | nigeria | 尼日利亚 nigeria niriliya | nrly | 日利亚 riliya 利亚 liya 亚 ya
201000955	Pacific/Kiritimati	Kiritimati	Kiribati	Kiritimati	圣诞岛	基里巴斯	sheng dan dao	kiritimati | 圣诞岛 kiritimati shengdandao | sdd | 诞岛 dandao 岛 dao | kiribati | 基里巴斯 kiribati jilibasi | jlbs | 里巴斯 libasi 巴斯 basi 斯 si
201000814	Pacific/Noumea	Noumea	New Caledonia	Noumea	努美阿	新喀里多尼亚	nu mei a	noumea | 努美阿 noumea numeia | nma | 美阿 meia 阿 a | new caledonia | 新喀里多尼亚 new caledonia xinkaliduoniya | nc | xkldny | caledonia | 喀里多尼亚 kaliduoniya 里多尼亚 liduoniya 多尼亚 duoniya 尼亚 niya 亚 ya
201000956	Pacific/Samoa	Samoa	Samoa	Samoa	萨摩亚	萨摩亚	sa mo ya	samoa | 萨摩亚 samoa samoya | smy | 摩亚 moya 亚 ya
201000957	Pacific/Tahiti	Tahiti	French Polynesia	Tahiti	塔希提岛	法属波利尼西亚	ta xi ti dao	tahiti | 塔希提岛 tahiti taxitidao | txtd | 希提岛 xitidao 提岛 tidao 岛 dao | french polynesia | 法属波利尼西亚 french polynesia fashubolinixiya | fp | fsblnxy | polynesia | 属波利尼西亚 shubolinixiya 波利尼西亚 bolinixiya 利尼西亚 linixiya 尼西亚 nixiya 西亚 xiya 亚 ya
201000958	America/Antigua	St. John's	Antigua and Barbuda	St. John's	圣约翰斯	安提瓜和巴布达	sheng yue han si	st. john's | 圣约翰斯 st. john's shengyuehansi | sj | syhs | john's | 约翰斯 yuehansi 翰斯 hansi 斯 si | antigua and barbuda | 安提瓜和巴布达 antigua and barbuda antiguahebabuda | aab | atghbbd | andbarbuda barbuda | 提瓜和巴布达 tiguahebabuda 瓜和巴布达 guahebabuda 和巴布达 hebabuda 巴布达 babuda 布达 buda 达 da
201000959	America/Chicago	Austin	United States	Austin	奥斯汀	美国	ao si ting	austin | 奥斯汀 austin aositing | ast | 斯汀 siting 汀 ting | united states | 美国 united states meiguo | us | mg | states | 国 guo
201000056	America/New_York	Boston	United States	Boston	波士顿	美国	bo shi dun	boston | 波士顿 boston boshidun | bsd | 士顿 shidun 顿 dun | united states | 美国 united states meiguo | us | mg | states | 国 guo
201000151	America/Denver	Calgary	Canada	Calgary	卡尔加里	加拿大	ka er jia li	calgary | 卡尔加里 calgary kaerjiali | kejl | 尔加里 erjiali 加里 jiali 里 li | canada | 加拿大 canada jianada | jnd | 拿大 nada 大 da
201000960	America/New_York	Columbus	United States	Columbus	哥伦布	美国	ge lun bu	columbus | 哥伦布 columbus gelunbu | glb | 伦布 lunbu 布 bu | united states | 美国 united states meiguo | us | mg | states | 国 guo
201000961	America/Chicago	Dallas	United States	Dallas	达拉斯	美国	da la si	dallas | 达拉斯 dallas dalasi | dls | 拉斯 lasi 斯 si | united states | 美国 united states meiguo | us | mg | states | 国 guo
201000962	Africa/Maseru	Maseru	Lesotho	Maseru	马塞卢	莱索托	ma sai lu	maseru | 马塞卢 maseru masailu | msl | 塞卢 sailu 卢 lu | lesotho | 莱索托 lesotho laisuotuo | lst | 索托 suotuo 托 tuo
201000912	America/New_York	Knoxville	United States	Knoxville	诺克斯维尔	美国	nuo ke si wei er	knoxville | 诺克斯维尔 knoxville nuokesiweier | nkswe | 克斯维尔 kesiweier 斯维尔 siweier 维尔 weier 尔 er | united states | 美国 united states meiguo | us | mg | states | 国 guo
201000963	America/Chicago	Memphis	United States	Memphis	孟菲斯	美国	meng fei si	memphis | 孟菲斯 memphis mengfeisi | mfs | 菲斯 feisi 斯 si | united states | 美国 united states meiguo | us | mg | states | 国 guo
201000046	America/New_York	Miami	United States	Miami	迈阿密	美国	mai a mi	miami | 迈阿密 miami maiami | mam | 阿密 ami 密 mi | united states | 美国 united states meiguo | us | mg | states | 国 guo
201000964	America/Chicago	Minneapolis	United States	Minneapolis	明尼阿波里斯	美国	ming ni a bo li si	minneapolis | 明尼阿波里斯 minneapolis mingniabolisi | mnabls | 尼阿波里斯 niabolisi 阿波里斯 abolisi 波里斯 bolisi 里斯 lisi 斯 si | united states | 美国 united states meiguo | us | mg | states | 国 guo
201000127	America/New_York	Ottawa	Canada	Ottawa	渥太华	加拿大	wo tai hua	ottawa | 渥太华 ottawa wotaihua | wth | 太华 taihua 华 hua | canada | 加拿大 canada jianada | jnd | 拿大 nada 大 da
201000075	America/New_York	Philadelphia	United States	Philadelphia	费城	美国	fei cheng	philadelphia | 费城 philadelphia feicheng | fc | 城 cheng | united states | 美国 united states meiguo | us | mg | states | 国 guo
201000084	America/Los_Angeles	Portland	United States	Portland	波特兰	美国	bo te lan	portland | 波特兰 portland botelan | btl | 特兰 telan 兰 lan | united states | 美国 united states meiguo | us | mg | states | 国 guo
201000965	America/Los_Angeles	San Diego	United States	San Diego	圣迭戈	美国	sheng die ge	san diego | 圣迭戈 san diego shengdiege | sd | sdg | diego | 迭戈 diege 戈 ge | united states | 美国 united states meiguo | us | mg | states | 国 guo
201000042	America/Los_Angeles	San Francisco	United States	San Francisco	旧金山	美国	jiu jin shan	san francisco | 旧金山 san francisco jiujinshan | sf | jjs | francisco | 金山 jinshan 山 shan | united states | 美国 united states meiguo | us | mg | states | 国 guo
201000078	America/Denver	Salt Lake City	United States	Salt Lake City	盐湖城	美国	yan hu cheng	salt lake city | 盐湖城 salt lake city yanhucheng | slc | yhc | lakecity city | 湖城 hucheng 城 cheng | united states | 美国 united states meiguo | us | mg | states | 国 guo
201000600	Africa/Mogadishu	Mogadishu	Somalia	Mogadishu	摩加迪沙	索马里	mo jia di sha	mogadishu | 摩加迪沙 mogadishu mojiadisha | mjds | 加迪沙 jiadisha 迪沙 disha 沙 sha | somalia | 索马里 somalia suomali | sml | 马里 mali 里 li
201000477	America/Costa_Rica	San Jose	Costa Rica	San Jose	圣何塞	哥斯达黎加	sheng he sai	san jose | 圣何塞 san jose shenghesai | sj | shs | jose | 何塞 hesai 塞 sai | costa rica | 哥斯达黎加 costa rica gesidalijia | cr | gsdlj | rica | 斯达黎加 sidalijia 达黎加 dalijia 黎加 lijia 加 jia
201000966	America/Guatemala	San Salvador	El Salvador	San Salvador	圣萨尔瓦多	萨尔瓦多	sheng sa er wa duo	san salvador | 圣萨尔瓦多 san salvador shengsaerwaduo | ss | ssewd | salvador | 萨尔瓦多 saerwaduo 尔瓦多 erwaduo 瓦多 waduo 多 duo | el salvador | 萨尔瓦多 el salvador saerwaduo | es | sewd | 尔瓦多 erwaduo 瓦多 waduo 多 duo
201000080	America/Los_Angeles	Seattle	United States	Seattle	西雅图	美国	xi ya tu	seattle | 西雅图 seattle xiyatu | xyt | 雅图 yatu 图 tu | united states | 美国 united states meiguo | us | mg | states | 国 guo
201000967	America/Chicago	St. Louis	United States	St. Louis	圣路易斯	美国	sheng lu yi si	st. louis | 圣路易斯 st. louis shengluyisi | sl | slys | louis | 路易斯 luyisi 易斯 yisi 斯 si | united states | 美国 united states meiguo | us | mg | states | 国 guo
201000044	America/New_York	Washington D.C.	United States	Washington D.C.	华盛顿	美国	hua sheng dun	washington d.c. | 华盛顿 washington d.c. huashengdun | wd | hsd | d.c. | 盛顿 shengdun 顿 dun | united states | 美国 united states meiguo | us | mg | states | 国 guo
201000968	America/Chicago	Houston	United States	Houston	休斯顿	美国	xiu si dun	houston | 休斯顿 houston xiusidun | xsd | 斯顿 sidun 顿 dun | united states | 美国 united states meiguo | us | mg | states | 国 guo
201000969	America/Chicago	San Antonio	United States	San Antonio	圣安东尼奥	美国	sheng an dong ni ao	san antonio | 圣安东尼奥 san antonio shengandongniao | sa | sadna | antonio | 安东尼奥 andongniao 东尼奥 dongniao 尼奥 niao 奥 ao | united states | 美国 united states meiguo | us | mg | states | 国 guo
201000970	America/New_York	Jacksonville	United States	Jacksonville	杰克逊维尔	美国	jie ke xun wei er	jacksonville | 杰克逊维尔 jacksonville jiekexunweier | jkxwe | 克逊维尔 kexunweier 逊维尔 xunweier 维尔 weier 尔 er | united states | 美国 united states meiguo | us | mg | states | 国 guo
201000971	America/New_York	Baltimore	United States	Baltimore	巴尔的摩	美国	ba er de mo	baltimore | 巴尔的摩 baltimore baerdemo | bedm | 尔的摩 erdemo 的摩 demo 摩 mo | united states | 美国 united states meiguo | us | mg | states | 国 guo
201000972	America/Chicago	Nashville	United States	Nashville	纳什维尔	美国	na shi wei er	nashville | 纳什维尔 nashville nashiweier | nswe | 什维尔 shiweier 维尔 weier 尔 er | united states | 美国 united states meiguo | us | mg | states | 国 guo
201000973	Africa/Nairobi	Nairobi	Kenya	Nairobi	奈洛比	肯尼亚	nai luo bi	nairobi | 奈洛比 nairobi nailuobi | nlb | 洛比 luobi 比 bi | kenya | 肯尼亚 kenya kenniya | kny | 尼亚 niya 亚 ya
201000974	America/Chicago	Milwaukee	United States	Milwaukee	密尔沃基	美国	mi er wo ji	milwaukee | 密尔沃基 milwaukee mierwoji | mewj | 尔沃基 erwoji 沃基 woji 基 ji | united states | 美国 united states meiguo | us | mg | states | 国 guo
201000975	America/Chicago	Oklahoma City	United States	Oklahoma City	俄克拉何马城	美国	e ke la he ma cheng	oklahoma city | 俄克拉何马城 oklahoma city ekelahemacheng | oc | eklhmc | city | 克拉何马城 kelahemacheng 拉何马城 lahemacheng 何马城 hemacheng 马城 macheng 城 cheng | united states | 美国 united states meiguo | us | mg | states | 国 guo
201000069	America/Los_Angeles	Las Vegas	United States	Las Vegas	拉斯维加斯	美国	la si wei jia si	las vegas | 拉斯维加斯 las vegas lasiweijiasi | lv | lswjs | vegas | 斯维加斯 siweijiasi 维加斯 weijiasi 加斯 jiasi 斯 si | united states | 美国 united states meiguo | us | mg | states | 国 guo
201000976	America/Denver	Albuquerque	United States	Albuquerque	阿尔伯克基	美国	a er bo ke ji	albuquerque | 阿尔伯克基 albuquerque aerbokeji | aebkj | 尔伯克基 erbokeji 伯克基 bokeji 克基 keji 基 ji | united states | 美国 united states meiguo | us | mg | states | 国 guo
201000977	MST	Tucson	United States	Tucson	图森	美国	tu sen	tucson | 图森 tucson tusen | ts | 森 sen | united states | 美国 united states meiguo | us | mg | states | 国 guo
201000978	America/Los_Angeles	Sacramento	United States	Sacramento	萨克拉门托	美国	sa ke la men tuo	sacramento | 萨克拉门托 sacramento sakelamentuo | sklmt | 克拉门托 kelamentuo 拉门托 lamentuo 门托 mentuo 托 tuo | united states | 美国 united states meiguo | us | mg | states | 国 guo
201000049	America/New_York	Atlanta	United States	Atlanta	亚特兰大	美国	ya te lan da	atlanta | 亚特兰大 atlanta yatelanda | ytld | 特兰大 telanda 兰大 landa 大 da | united states | 美国 united states meiguo | us | mg | states | 国 guo
201000979	America/New_York	Cleveland	United States	Cleveland	克利夫兰	美国	ke li fu lan	cleveland | 克利夫兰 cleveland kelifulan | klfl | 利夫兰 lifulan 夫兰 fulan 兰 lan | united states | 美国 united states meiguo | us | mg | states | 国 guo
201000980	America/Chicago	New Orleans	United States	New Orleans	新奥尔良	美国	xin ao er liang	new orleans | 新奥尔良 new orleans xinaoerliang | no | xael | orleans | 奥尔良 aoerliang 尔良 erliang 良 liang | united states | 美国 united states meiguo | us | mg | states | 国 guo
201000981	America/New_York	Tampa	United States	Tampa	坦帕	美国	tan pa	tampa | 坦帕 tampa tanpa | tp | 帕 pa | united states | 美国 united states meiguo | us | mg | states | 国 guo
201000982	Africa/Sao_Tome	São Tomé	São Tomé and Príncipe	São Tomé	圣多美	圣多美和普林西比	sheng duo mei	são tomé | 圣多美 são tomé shengduomei | st | sdm | tomé | 多美 duomei 美 mei | são tomé and príncipe | 圣多美和普林西比 são tomé and príncipe shengduomeihepulinxibi | stap | sdmhplxb | toméandpríncipe andpríncipe príncipe | 多美和普林西比 duomeihepulinxibi 美和普林西比 meihepulinxibi 和普林西比 hepulinxibi 普林西比 pulinxibi 林西比 linxibi 西比 xibi 比 bi
201000112	America/New_York	Pittsburgh	United States	Pittsburgh	匹兹堡	美国	pi zi bao	pittsburgh | 匹兹堡 pittsburgh pizibao | pzb | 兹堡 zibao 堡 bao | united states | 美国 united states meiguo | us | mg | states | 国 guo
201000983	America/New_York	Cincinnati	United States	Cincinnati	辛辛那提	美国	xin xin na ti	cincinnati | 辛辛那提 cincinnati xinxinnati | xxnt | 辛那提 xinnati 那提 nati 提 ti | united states | 美国 united states meiguo | us | mg | states | 国 guo
201000984	America/Los_Angeles	Mountain View	United States	Mountain View	山景城	美国	shan jing cheng	mountain view | 山景城 mountain view shanjingcheng | mv | sjc | view | 景城 jingcheng 城 cheng | united states | 美国 united states meiguo | us | mg | states | 国 guo
201000985	America/Los_Angeles	Reno	United States	Reno	里诺	美国	li nuo	reno | 里诺 reno linuo | ln | 诺 nuo | united states | 美国 united states meiguo | us | mg | states | 国 guo
201000986	America/Los_Angeles	Black Rock City	United States	Black Rock City	黑岩城	美国	hei yan cheng	black rock city | 黑岩城 black rock city heiyancheng | brc | hyc | rockcity city | 岩城 yancheng 城 cheng | united states | 美国 united states meiguo | us | mg | states | 国 guo
201000703	Asia/Riyadh	Doha	Qatar	Doha	多哈	卡塔尔	duo ha	doha | 多哈 doha duoha | dh | 哈 ha | qatar | 卡塔尔 qatar kataer | kte | 塔尔 taer 尔 er
101010100	Asia/Shanghai	Beijing	China	Beijing	北京	中国	bei jing	beijing | 北京 beijing beijing | bj | 京 jing | china | 中国 china zhongguo | zg | 国 guo
201000363	Asia/Kolkata	Mumbai	India	Mumbai	孟买	印度	meng mai	mumbai | 孟买 mumbai mengmai | mm | 买 mai | india | 印度 india yindu | yd | 度 du
201000181	Asia/Tokyo	Osaka	Japan	Osaka	大阪	日本	da ban	osaka | 大阪 osaka daban | db | 阪 ban | japan | 日本 japan riben | rb | 本 ben
201000987	Africa/Timbuktu	Timbuktu	Mali	Timbuktu	廷巴克图	马里	ting ba ke tu	timbuktu | 廷巴克图 timbuktu tingbaketu | tbkt | 巴克图 baketu 克图 ketu 图 tu | mali | 马里 mali mali | ml | 里 li
201000505	Asia/Karachi	Lahore	Pakistan	Lahore	拉合尔	巴基斯坦	la he er	lahore | 拉合尔 lahore laheer | lhe | 合尔 heer 尔 er | pakistan | 巴基斯坦 pakistan bajisitan | bjst | 基斯坦 jisitan 斯坦 sitan 坦 tan
201000988	Asia/Riyadh	Sanaa	Yemen	Sanaa	萨那	也门	sa na	sanaa | 萨那 sanaa sana | sn | 那 na | yemen | 也门 yemen yemen | ym | 门 men
201000326	Europe/Madrid	Barcelona	Spain	Barcelona	巴塞罗那	西班牙	ba sai luo na	barcelona | 巴塞罗那 barcelona basailuona | bsln | 塞罗那 sailuona 罗那 luona 那 na | spain | 西班牙 spain xibanya | xby | 班牙 banya 牙 ya
201000280	Europe/Berlin	Munich	Germany	Munich	慕尼黑	德国	mu ni hei	munich | 慕尼黑 munich munihei | mnh | 尼黑 nihei 黑 hei | germany | 德国 germany deguo | dg | 国 guo
201000288	Europe/Rome	Milan	Italy	Milan	米兰	意大利	mi lan	milan | 米兰 milan milan | ml | 兰 lan | italy | 意大利 italy yidali | ydl | 大利 dali 利 li
201000272	Europe/Berlin	Frankfurt	Germany	Frankfurt	法兰克福	德国	fa lan ke fu	frankfurt | 法兰克福 frankfurt falankefu | flkf | 兰克福 lankefu 克福 kefu 福 fu | germany | 德国 germany deguo | dg | 国 guo
201000643	Asia/Bangkok	Hanoi	Vietnam	Hanoi	河内	越南	he nei	hanoi | 河内 hanoi henei | hn | 内 nei | vietnam | 越南 vietnam yuenan | yn | 南 nan
201000482	Europe/Istanbul	Ankara	Turkey	Ankara	安卡拉	土耳其	an ka la	ankara | 安卡拉 ankara ankala | akl | 卡拉 kala 拉 la | turkey | 土耳其 turkey tuerqi | teq | 耳其 erqi 其 qi
201000355	Asia/Kolkata	Bangalore	India	Bangalore	班加罗尔	印度	ban jia luo er	bangalore | 班加罗尔 bangalore banjialuoer | bjle | 加罗尔 jialuoer 罗尔 luoer 尔 er | india | 印度 india yindu | yd | 度 du
201000235	America/Sao_Paulo	Brasília	Brazil	Brasília	巴西利亚	巴西	ba xi li ya	brasília | 巴西利亚 brasília baxiliya | bxly | 西利亚 xiliya 利亚 liya 亚 ya | brazil | 巴西 brazil baxi | bx | 西 xi
201000449	Africa/Tripoli	Tripoli	Libya	Tripoli	的黎波里	利比亚	de li bo li	tripoli | 的黎波里 tripoli deliboli | dlbl | 黎波里 liboli 波里 boli 里 li | libya | 利比亚 libya libiya | lby | 比亚 biya 亚 ya
201000456	Africa/Johannesburg	Cape Town	South Africa	Cape Town	开普敦	南非	kai pu dun	cape town | 开普敦 cape town kaipudun | ct | kpd | town | 普敦 pudun 敦 dun | south africa | 南非 south africa nanfei | sa | nf | africa | 非 fei
201000502	Asia/Karachi	Islamabad	Pakistan	Islamabad	伊斯兰堡	巴基斯坦	yi si lan bao	islamabad | 伊斯兰堡 islamabad yisilanbao | yslb | 斯兰堡 silanbao 兰堡 lanbao 堡 bao | pakistan | 巴基斯坦 pakistan bajisitan | bjst | 基斯坦 jisitan 斯坦 sitan 坦 tan
201000989	America/Sao_Paulo	Rio de Janeiro	Brazil	Rio de Janeiro	里约热内卢	巴西	li yue re nei lu	rio de janeiro | 里约热内卢 rio de janeiro liyuereneilu | rdj | lyrnl | dejaneiro janeiro | 约热内卢 yuereneilu 热内卢 reneilu 内卢 neilu 卢 lu | brazil | 巴西 brazil baxi | bx | 西 xi
201000990	America/Detroit	Ann Arbor	United States	Ann Arbor	安阿伯	美国	an a bo	ann arbor | 安阿伯 ann arbor anabo | aa | aab | arbor | 阿伯 abo 伯 bo | united states | 美国 united states meiguo | us | mg | states | 国 guo
201000991	America/Denver	Boulder	United States	Boulder	博尔德	美国	bo er de	boulder | 博尔德 boulder boerde | bed | 尔德 erde 德 de | united states | 美国 united states meiguo | us | mg | states | 国 guo
201000992	America/New_York	Cambridge	United States	Cambridge	剑桥	美国	jian qiao	cambridge | 剑桥 cambridge jianqiao | jq | 桥 qiao | united states | 美国 united states meiguo | us | mg | states | 国 guo
201000993	America/Los_Angeles	Kirkland	United States	Kirkland	柯克兰	美国	ke ke lan	kirkland | 柯克兰 kirkland kekelan | kkl | 克兰 kelan 兰 lan | united states | 美国 united states meiguo | us | mg | states | 国 guo
201000994	America/Chicago	Madison	United States	Madison	麦迪逊	美国	mai di xun	madison | 麦迪逊 madison maidixun | mdx | 迪逊 dixun 逊 xun | united states | 美国 united states meiguo | us | mg | states | 国 guo
101280101	Asia/Shanghai	Guangzhou	China	Guangzhou	广州	中国	guang zhou	guangzhou | 广州 guangzhou guangzhou | gz | 州 zhou | china | 中国 china zhongguo | zg | 国 guo
201000361	Asia/Kolkata	Hyderabad	India	Hyderabad	海得拉巴	印度	hai de la ba	hyderabad | 海得拉巴 hyderabad haidelaba | hdlb | 得拉巴 delaba 拉巴 laba 巴 ba | india | 印度 india yindu | yd | 度 du
201000597	Africa/Tunis	Tunis	Tunisia	Tunis	突尼斯	突尼斯	tu ni si	tunis | 突尼斯 tunis tunisi | tns | 尼斯 nisi 斯 si | tunisia | 突尼斯 tunisia tunisi
201000995	America/New_York	Reston	United States	Reston	雷斯顿	美国	lei si dun	reston | 雷斯顿 reston leisidun | lsd | 斯顿 sidun 顿 dun | united states | 美国 united states meiguo | us | mg | states | 国 guo
201000036	America/Anchorage	Anchorage	United States	Anchorage	安克雷奇	美国	an ke lei qi	anchorage | 安克雷奇 anchorage ankeleiqi | aklq | 克雷奇 keleiqi 雷奇 leiqi 奇 qi | united states | 美国 united states meiguo | us | mg | states | 国 guo
201000727	Africa/Addis_Ababa	Addis Ababa	Ethiopia	Addis Ababa	亚的斯亚贝巴	埃塞俄比亚	ya de si ya bei ba	addis ababa | 亚的斯亚贝巴 addis ababa yadesiyabeiba | aa | ydsybb | ababa | 的斯亚贝巴 desiyabeiba 斯亚贝巴 siyabeiba 亚贝巴 yabeiba 贝巴 beiba 巴 ba | ethiopia | 埃塞俄比亚 ethiopia aisaiebiya | aseby | 塞俄比亚 saiebiya 俄比亚 ebiya 比亚 biya 亚 ya
201000771	America/Asuncion	Asunción	Paraguay	Asunción	亚松森	巴拉圭	ya song sen	asunción | 亚松森 asunción yasongsen | yss | 松森 songsen 森 sen | paraguay | 巴拉圭 paraguay balagui | blg | 拉圭 lagui 圭 gui
201000996	America/Barbados	Barbados	Barbados	Barbados	巴巴多斯	巴巴多斯	ba ba duo si	barbados | 巴巴多斯 barbados babaduosi | bbds | 巴多斯 baduosi 多斯 duosi 斯 si
201000997	America/Belize	Belize	Belize	Belize	伯利兹	伯利兹	bo li zi	belize | 伯利兹 belize bolizi | blz | 利兹 lizi 兹 zi
201000471	America/Bogota	Bogotá	Colombia	Bogotá	波哥大	哥伦比亚	bo ge da	bogotá | 波哥大 bogotá bogeda | bgd | 哥大 geda 大 da | colombia | 哥伦比亚 colombia gelunbiya | glby | 伦比亚 lunbiya 比亚 biya 亚 ya
201000405	America/Buenos_Aires	Buenos Aires	Argentina	Buenos Aires	布宜诺斯艾利斯	阿根廷	bu yi nuo si ai li si	buenos aires | 布宜诺斯艾利斯 buenos aires buyinuosiailisi | ba | bynsals | aires | 宜诺斯艾利斯 yinuosiailisi 诺斯艾利斯 nuosiailisi 斯艾利斯 siailisi 艾利斯 ailisi 利斯 lisi 斯 si | argentina | 阿根廷 argentina agenting | agt | 根廷 genting 廷 ting
201000486	America/Cancun	Cancun	Mexico	Cancun	坎昆	墨西哥	kan kun	cancun | 坎昆 cancun kankun | kk | 昆 kun | mexico | 墨西哥 mexico moxige | mxg | 西哥 xige 哥 ge
201000741	America/Caracas	Caracas	Venezuela	Caracas	加拉加斯	委内瑞拉	jia la jia si	caracas | 加拉加斯 caracas jialajiasi | jljs | 拉加斯 lajiasi 加斯 jiasi 斯 si | venezuela | 委内瑞拉 venezuela weineiruila | wnrl | 内瑞拉 neiruila 瑞拉 ruila 拉 la
201000998	America/Cayman	Cayman	United States	Cayman	开曼群岛	美国	kai man qun dao	cayman | 开曼群岛 cayman kaimanqundao | kmqd | 曼群岛 manqundao 群岛 qundao 岛 dao | united states | 美国 united states meiguo | us | mg | states | 国 guo
201000883	Africa/Algiers	Algiers	Algeria	Algiers	阿尔及尔	阿尔及利亚	a er ji er	algiers | 阿尔及尔 algiers aerjier | aeje | 尔及尔 erjier 及尔 jier 尔 er | algeria | 阿尔及利亚 algeria aerjiliya | aejly | 尔及利亚 erjiliya 及利亚 jiliya 利亚 liya 亚 ya
201000053	America/Chicago	Chicago	United States	Chicago	芝加哥	美国	zhi jia ge	chicago | 芝加哥 chicago zhijiage | zjg | 加哥 jiage 哥 ge | united states | 美国 united states meiguo | us | mg | states | 国 guo
201000999	America/Costa_Rica	Costa Rica	Costa Rica	Costa Rica	哥斯达黎加	哥斯达黎加	ge si da li jia	costa rica | 哥斯达黎加 costa rica gesidalijia | cr | gsdlj | rica | 斯达黎加 sidalijia 达黎加 dalijia 黎加 lijia 加 jia
201001000	America/Curacao	Curaçao	Curaçao	Curaçao	库拉索	库拉索	ku la suo	curaçao | 库拉索 curaçao kulasuo | kls | 拉索 lasuo 索 suo
201001001	America/Dawson_Creek	Dawson Creek	Canada	Dawson Creek	道森克里克	加拿大	dao sen ke li ke	dawson creek | 道森克里克 dawson creek daosenkelike | dc | dsklk | creek | 森克里克 senkelike 克里克 kelike 里克 like 克 ke | canada | 加拿大 canada jianada | jnd | 拿大 nada 大 da
201000086	America/Denver	Denver	United States	Denver	丹佛	美国	dan fo	denver | 丹佛 denver danfo | df | 佛 fo | united states | 美国 united states meiguo | us | mg | states | 国 guo
201000060	America/Detroit	Detroit	United States	Detroit	底特律	美国	di te lü	detroit | 底特律 detroit ditelü | dtl | 特律 telü 律 lü | united states | 美国 united states meiguo | us | mg | states | 国 guo
201001002	America/Dominica	Dominica	Dominica	Dominica	多米尼加	多米尼克国	duo mi ni jia	dominica | 多米尼加 dominica duominijia | dmnj | 米尼加 minijia 尼加 nijia 加 jia | 多米尼克国 dominica duominikeguo | dmnkg | 米尼克国 minikeguo 尼克国 nikeguo 克国 keguo 国 guo
201000142	America/Edmonton	Edmonton	Canada	Edmonton	埃德蒙顿	加拿大	ai de meng dun	edmonton | 埃德蒙顿 edmonton aidemengdun | admd | 德蒙顿 demengdun 蒙顿 mengdun 顿 dun | canada | 加拿大 canada jianada | jnd | 拿大 nada 大 da
201001003	America/Fortaleza	Fortaleza	Brazil	Fortaleza	福塔雷萨	巴西	fu ta lei sa	fortaleza | 福塔雷萨 fortaleza futaleisa | ftls | 塔雷萨 taleisa 雷萨 leisa 萨 sa | brazil | 巴西 brazil baxi | bx | 西 xi
201001004	Africa/Blantyre	Blantyre	Malawi	Blantyre	布兰太尔	马拉维	bu lan tai er	blantyre | 布兰太尔 blantyre bulantaier | blte | 兰太尔 lantaier 太尔 taier 尔 er | malawi | 马拉维 malawi malawei | mlw | 拉维 lawei 维 wei
201001005	America/Grenada	Grenada	Grenada	Grenada	格林纳达	格林纳达	ge lin na da	grenada | 格林纳达 grenada gelinnada | glnd | 林纳达 linnada 纳达 nada 达 da
201001006	America/Guatemala	Guatemala City	Guatemala	Guatemala City	危地马拉	危地马拉	wei di ma la	guatemala city | 危地马拉 guatemala city weidimala | gc | wdml | city | 地马拉 dimala 马拉 mala 拉 la | guatemala | 危地马拉 guatemala weidimala
201001007	America/Guyana	Guyana	Guyana	Guyana	圭亚那	圭亚那	gui ya na	guyana | 圭亚那 guyana guiyana | gyn | 亚那 yana 那 na
201000131	America/Halifax	Halifax	Canada	Halifax	哈利法克斯	加拿大	ha li fa ke si	halifax | 哈利法克斯 halifax halifakesi | hlfks | 利法克斯 lifakesi 法克斯 fakesi 克斯 kesi 斯 si | canada | 加拿大 canada jianada | jnd | 拿大 nada 大 da
201000421	America/Havana	Havana	Cuba	Havana	哈瓦那	古巴	ha wa na	havana | 哈瓦那 havana hawana | hwn | 瓦那 wana 那 na | cuba | 古巴 cuba guba | gb | 巴 ba
201001008	America/Indiana/Indianapolis	Indianapolis	United States	Indianapolis	印第安纳波利斯	美国	yin di an na bo li si	indianapolis | 印第安纳波利斯 indianapolis yindiannabolisi | ydanbls | 第安纳波利斯 diannabolisi 安纳波利斯 annabolisi 纳波利斯 nabolisi 波利斯 bolisi 利斯 lisi 斯 si | united states | 美国 united states meiguo | us | mg | states | 国 guo
201001009	America/Indiana/Knox	Knox	United States	Knox	诺克斯	美国	nuo ke si	knox | 诺克斯 knox nuokesi | nks | 克斯 kesi 斯 si | united states | 美国 united states meiguo | us | mg | states | 国 guo
201001010	America/Indiana/Marengo	Marengo	United States	Marengo	马伦戈	美国	ma lun ge	marengo | 马伦戈 marengo malunge | mlg | 伦戈 lunge 戈 ge | united states | 美国 united states meiguo | us | mg | states | 国 guo
201001011	America/Indiana/Petersburg	Petersburg	United States	Petersburg	彼得斯堡	美国	bi de si bao	petersburg | 彼得斯堡 petersburg bidesibao | bdsb | 得斯堡 desibao 斯堡 sibao 堡 bao | united states | 美国 united states meiguo | us | mg | states | 国 guo
201001012	Africa/Brazzaville	Brazzaville	Congo	Brazzaville	布拉柴维尔	刚果共和国	bu la chai wei er	brazzaville | 布拉柴维尔 brazzaville bulachaiweier | blcwe | 拉柴维尔 lachaiweier 柴维尔 chaiweier 维尔 weier 尔 er | congo | 刚果共和国 congo gangguogongheguo | ggghg | 果共和国 guogongheguo 共和国 gongheguo 和国 heguo 国 guo
201001013	America/Indiana/Tell_City	Tell City	United States	Tell City	特尔城	美国	te er cheng	tell city | 特尔城 tell city teercheng | tc | tec | city | 尔城 ercheng 城 cheng | united states | 美国 united states meiguo | us | mg | states | 国 guo
201001014	America/Indiana/Vevay	Vevay	United States	Vevay	韦韦	美国	wei wei	vevay | 韦韦 vevay weiwei | ww | 韦 wei | united states | 美国 united states meiguo | us | mg | states | 国 guo
201001015	America/Indiana/Vincennes	Vincennes	United States	Vincennes	温森斯	法国	wen sen si	vincennes | 温森斯 vincennes wensensi | wss | 森斯 sensi 斯 si | united states | 法国 united states faguo | us | fg | states | 国 guo
201001016	America/Indiana/Winamac	Winamac	United States	Winamac	威纳马克	美国	wei na ma ke	winamac | 威纳马克 winamac weinamake | wnmk | 纳马克 namake 马克 make 克 ke | united states | 美国 united states meiguo | us | mg | states | 国 guo
201000841	America/Jamaica	Kingston	Jamaica	Kingston	金斯敦	牙买加	jin si dun	kingston | 金斯敦 kingston jinsidun | jsd | 斯敦 sidun 敦 dun | jamaica | 牙买加 jamaica yamaijia | ymj | 买加 maijia 加 jia
201000844	America/La_Paz	Nuestra Señora de La Paz	Bolivia	Nuestra Señora de La Paz	拉巴斯	玻利维亚	la ba si	nuestra señora de la paz | 拉巴斯 nuestra señora de la paz labasi | nsdlp | lbs | señoradelapaz delapaz lapaz paz | 巴斯 basi 斯 si | bolivia | 玻利维亚 bolivia boliweiya | blwy | 利维亚 liweiya 维亚 weiya 亚 ya
201000593	America/Lima	Lima	Peru	Lima	利马	秘鲁	li ma	lima | 利马 lima lima | lm | 马 ma | peru | 秘鲁 peru milu | ml | 鲁 lu
201000039	America/Los_Angeles	Los Angeles	United States	Los Angeles	洛杉矶	美国	luo shan ji	los angeles | 洛杉矶 los angeles luoshanji | la | lsj | angeles | 杉矶 shanji 矶 ji | united states | 美国 united states meiguo | us | mg | states | 国 guo
201001017	America/Louisville	Louisville	United States	Louisville	路易斯维尔	美国	lu yi si wei er	louisville | 路易斯维尔 louisville luyisiweier | lyswe | 易斯维尔 yisiweier 斯维尔 siweier 维尔 weier 尔 er | united states | 美国 united states meiguo | us | mg | states | 国 guo
201000756	America/Managua	Managua	Nicaragua	Managua	马那瓜	尼加拉瓜	ma na gua	managua | 马那瓜 managua managua | mng | 那瓜 nagua 瓜 gua | nicaragua | 尼加拉瓜 nicaragua nijialagua | njlg | 加拉瓜 jialagua 拉瓜 lagua 瓜 gua
201000381	Africa/Cairo	Cairo	Egypt	Cairo	开罗	埃及	kai luo	cairo | 开罗 cairo kailuo | kl | 罗 luo | egypt | 埃及 egypt aiji | aj | 及 ji
201001018	America/Martinique	Martinique	Martinique	Martinique	马提尼克	马提尼克	ma ti ni ke	martinique | 马提尼克 martinique matinike | mtnk | 提尼克 tinike 尼克 nike 克 ke
201001019	America/Mendoza	Mendoza	Argentina	Mendoza	门多萨	阿根廷	men duo sa	mendoza | 门多萨 mendoza menduosa | mds | 多萨 duosa 萨 sa | argentina | 阿根廷 argentina agenting | agt | 根廷 genting 廷 ting
201001020	America/Metlakatla	Metlakatla	United States	Metlakatla	梅特拉卡特拉	美国	mei te la ka te la	metlakatla | 梅特拉卡特拉 metlakatla meitelakatela | mtlktl | 特拉卡特拉 telakatela 拉卡特拉 lakatela 卡特拉 katela 特拉 tela 拉 la | united states | 美国 united states meiguo | us | mg | states | 国 guo
201000484	America/Mexico_City	Mexico City	Mexico	Mexico City	墨西哥城	墨西哥	mo xi ge cheng	mexico city | 墨西哥城 mexico city moxigecheng | mc | mxgc | city | 西哥城 xigecheng 哥城 gecheng 城 cheng | mexico | 墨西哥 mexico moxige | mxg | 西哥 xige 哥 ge
201001021	America/Monterrey	Monterrey	Mexico	Monterrey	蒙特雷	墨西哥	meng te lei	monterrey | 蒙特雷 monterrey mengtelei | mtl | 特雷 telei 雷 lei | mexico | 墨西哥 mexico moxige | mxg | 西哥 xige 哥 ge
201000438	America/Montevideo	Montevideo	Uruguay	Montevideo	蒙得维的亚	乌拉圭	meng de wei de ya	montevideo | 蒙得维的亚 montevideo mengdeweideya | mdwdy | 得维的亚 deweideya 维的亚 weideya 的亚 deya 亚 ya | uruguay | 乌拉圭 uruguay wulagui | wlg | 拉圭 lagui 圭 gui
201000120	America/Montreal	Montreal	Canada	Montreal	蒙特利尔	加拿大	meng te li er	montreal | 蒙特利尔 montreal mengtelier | mtle | 特利尔 telier 利尔 lier 尔 er | canada | 加拿大 canada jianada | jnd | 拿大 nada 大 da
201001022	America/Nassau	Nassau	Bahamas	Nassau	拿骚	巴哈马群岛	na sao	nassau | 拿骚 nassau nasao | ns | 骚 sao | bahamas | 巴哈马群岛 bahamas bahamaqundao | bhmqd | 哈马群岛 hamaqundao 马群岛 maqundao 群岛 qundao 岛 dao
201000071	America/New_York	New York	United States	New York	纽约	美国	niu yue	new york | 纽约 new york niuyue | ny | york | 约 yue | united states | 美国 united states meiguo | us | mg | states | 国 guo
201000786	Africa/Casablanca	Casablanca	Morocco	Casablanca	卡萨布兰卡	摩洛哥	ka sa bu lan ka	casablanca | 卡萨布兰卡 casablanca kasabulanka | ksblk | 萨布兰卡 sabulanka 布兰卡 bulanka 兰卡 lanka 卡 ka | morocco | 摩洛哥 morocco moluoge | mlg | 洛哥 luoge 哥 ge
201001023	America/North_Dakota/Center	Center	United States	Center	森特	美国	sen te	center | 森特 center sente | st | 特 te | united states | 美国 united states meiguo | us | mg | states | 国 guo
201001024	America/North_Dakota/New_Salem	New Salem	United States	New Salem	新塞勒姆	美国	xin sai le mu	new salem | 新塞勒姆 new salem xinsailemu | ns | xslm | salem | 塞勒姆 sailemu 勒姆 lemu 姆 mu | united states | 美国 united states meiguo | us | mg | states | 国 guo
201000773	America/Panama	Panama City	Panama	Panama City	巴拿马城	巴拿马	ba na ma cheng	panama city | 巴拿马城 panama city banamacheng | pc | bnmc | city | 拿马城 namacheng 马城 macheng 城 cheng | panama | 巴拿马 panama banama | bnm | 拿马 nama 马 ma
201001025	America/Phoenix	Phoenix	United States	Phoenix	菲尼克斯	美国	fei ni ke si	phoenix | 菲尼克斯 phoenix feinikesi | fnks | 尼克斯 nikesi 克斯 kesi 斯 si | united states | 美国 united states meiguo | us | mg | states | 国 guo
201001026	America/Port_of_Spain	Port of Spain	Trinidad and Tobago	Port of Spain	西班牙港	特立尼达和多巴哥	xi ban ya gang	port of spain | 西班牙港 port of spain xibanyagang | pos | xbyg | ofspain spain | 班牙港 banyagang 牙港 yagang 港 gang | trinidad and tobago | 特立尼达和多巴哥 trinidad and tobago telinidaheduobage | tat | tlndhdbg | andtobago tobago | 立尼达和多巴哥 linidaheduobage 尼达和多巴哥 nidaheduobage 达和多巴哥 daheduobage 和多巴哥 heduobage 多巴哥 duobage 巴哥 bage 哥 ge
201000834	America/Port-au-Prince	Port-au-Prince	Haiti	Port-au-Prince	太子港	海地	tai zi gang	port-au-prince | 太子港 port-au-prince taizigang | pap | tzg | auprince prince | 子港 zigang 港 gang | haiti | 海地 haiti haidi | hd | 地 di
201001027	America/Santo_Domingo	Santo Domingo	Dominican Republic	Santo Domingo	圣多明戈	多米尼加共和国	sheng duo ming ge	santo domingo | 圣多明戈 santo domingo shengduomingge | sd | sdmg | domingo | 多明戈 duomingge 明戈 mingge 戈 ge | dominican republic | 多米尼加共和国 dominican republic duominijiagongheguo | dr | dmnjghg | republic | 米尼加共和国 minijiagongheguo 尼加共和国 nijiagongheguo 加共和国 jiagongheguo 共和国 gongheguo 和国 heguo 国 guo
201000242	America/Sao_Paulo	São Paulo	Brazil	São Paulo	圣保罗	巴西	sheng bao luo	são paulo | 圣保罗 são paulo shengbaoluo | sp | sbl | paulo | 保罗 baoluo 罗 luo | brazil | 巴西 brazil baxi | bx | 西 xi
201001028	America/St_Johns	St. Johns	Canada	St. Johns	圣约翰	加拿大	sheng yue han	st. johns | 圣约翰 st. johns shengyuehan | sj | syh | johns | 约翰 yuehan 翰 han | canada | 加拿大 canada jianada | jnd | 拿大 nada 大 da
201001029	Africa/Conakry	Conakry	Guinea	Conakry	科纳克里	几内亚	ke na ke li	conakry | 科纳克里 conakry kenakeli | knkl | 纳克里 nakeli 克里 keli 里 li | guinea | 几内亚 guinea jineiya | jny | 内亚 neiya 亚 ya
201001030	America/St_Kitts	St. Kitts	The Federation of Saint Kitts and Nevis	St. Kitts	圣基茨	圣基茨和尼维斯联邦	sheng ji ci	st. kitts | 圣基茨 st. kitts shengjici | sk | sjc | kitts | 基茨 jici 茨 ci | the federation of saint kitts and nevis | 圣基茨和尼维斯联邦 the federation of saint kitts and nevis shengjiciheniweisilianbang | tfoskan | sjchnwslb | federationofsaintkittsandnevis ofsaintkittsandnevis saintkittsandnevis kittsandnevis andnevis nevis | 基茨和尼维斯联邦 jiciheniweisilianbang 茨和尼维斯联邦 ciheniweisilianbang 和尼维斯联邦 heniweisilianbang 尼维斯联邦 niweisilianbang 维斯联邦 weisilianbang 斯联邦 silianbang 联邦 lianbang 邦 bang
201001031	America/St_Lucia	St. Lucia	St Lucia	St. Lucia	圣卢西亚	圣卢西亚	sheng lu xi ya	st. lucia | 圣卢西亚 st. lucia shengluxiya | sl | slxy | lucia | 卢西亚 luxiya 西亚 xiya 亚 ya | st lucia | 圣卢西亚 st lucia shengluxiya
201001032	America/St_Thomas	St. Thomas	US Virgin Islands	St. Thomas	圣托马斯	美属维尔京群岛	sheng tuo ma si	st. thomas | 圣托马斯 st. thomas shengtuomasi | st | stms | thomas | 托马斯 tuomasi 马斯 masi 斯 si | us virgin islands | 美属维尔京群岛 us virgin islands meishuweierjingqundao | uvi | mswejqd | virginislands islands | 属维尔京群岛 shuweierjingqundao 维尔京群岛 weierjingqundao 尔京群岛 erjingqundao 京群岛 jingqundao 群岛 qundao 岛 dao
201001033	America/Tijuana	Tijuana	Mexico	Tijuana	蒂华纳	墨西哥	di hua na	tijuana | 蒂华纳 tijuana dihuana | dhn | 华纳 huana 纳 na | mexico | 墨西哥 mexico moxige | mxg | 西哥 xige 哥 ge
201000138	America/Toronto	Toronto	Canada	Toronto	多伦多	加拿大	duo lun duo	toronto | 多伦多 toronto duolunduo | dld | 伦多 lunduo 多 duo | canada | 加拿大 canada jianada | jnd | 拿大 nada 大 da
201000144	America/Vancouver	Vancouver	Canada	Vancouver	温哥华	加拿大	wen ge hua	vancouver | 温哥华 vancouver wengehua | wgh | 哥华 gehua 华 hua | canada | 加拿大 canada jianada | jnd | 拿大 nada 大 da
201000149	America/Winnipeg	Winnipeg	Canada	Winnipeg	温尼伯	加拿大	wen ni bo	winnipeg | 温尼伯 winnipeg wennibo | wnb | 尼伯 nibo 伯 bo | canada | 加拿大 canada jianada | jnd | 拿大 nada 大 da
201001200	Antarctica/South_Pole	South Pole		South Pole	南极		nan ji	south pole | 南极 south pole nanji | sp | nj | pole | 极 ji
201001035	Arctic/Longyearbyen	Longyearbyen	Norway	Longyearbyen	朗伊尔城	挪威	lang yi er cheng	longyearbyen | 朗伊尔城 longyearbyen langyiercheng | lyec | 伊尔城 yiercheng 尔城 ercheng 城 cheng | norway | 挪威 norway nuowei | nw | 威 wei
201001036	Asia/Almaty	Almaty	Kazakhstan	Almaty	阿拉木图	哈萨克斯坦	a la mu tu	almaty | 阿拉木图 almaty alamutu | almt | 拉木图 lamutu 木图 mutu 图 tu | kazakhstan | 哈萨克斯坦 kazakhstan hasakesitan | hskst | 萨克斯坦 sakesitan 克斯坦 kesitan 斯坦 sitan 坦 tan
CD	Asia/Shanghai	No. 1 East Wangjing Road		No. 1 East Wangjing Road	望京东路1号	中国	wang jing dong lu yi hao	no. 1 east wangjing road | 望京东路一号 望京东路1号 no. 1 east wangjing road wangjingdongluyihao | n1ewr | 1eastwangjingroad eastwangjingroad wangjingroad road | zg
201001038	Africa/Asmera	Asmera	Mali	Asmera	马萨瓦	马里	ma sa wa	asmera | 马萨瓦 asmera masawa | msw | 萨瓦 sawa 瓦 wa | mali | 马里 mali mali | ml | 里 li
201001039	Africa/Bamako	Bamako	Mali	Bamako	巴马科	马里	ba ma ke	bamako | 巴马科 bamako bamake | bmk | 马科 make 科 ke | mali | 马里 mali mali | ml | 里 li
201001040	Africa/Bangui	Bangui	Central African Republic	Bangui	班基	中非	ban ji	bangui | 班基 bangui banji | bj | 基 ji | central african republic | 中非 central african republic zhongfei | car | zf | africanrepublic republic | 非 fei
201001041	Africa/Banjul	Banjul	Gambia	Banjul	班珠尔	冈比亚	ban zhu er	banjul | 班珠尔 banjul banzhuer | bze | 珠尔 zhuer 尔 er | gambia | 冈比亚 gambia gangbiya | gby | 比亚 biya 亚 ya
201001042	Africa/Bissau	Bissau	Guinea-Bissau	Bissau	比绍	几内亚比绍	bi shao	bissau | 比绍 bissau bishao | bs | 绍 shao | guinea bissau | 几内亚比绍 guinea-bissau jineiyabishao | gb | jnybs | 内亚比绍 neiyabishao 亚比绍 yabishao 比绍 bishao 绍 shao
201000775	Africa/Bujumbura	Bujumbura	Burundi	Bujumbura	布琼布拉	布隆迪	bu qiong bu la	bujumbura | 布琼布拉 bujumbura buqiongbula | bqbl | 琼布拉 qiongbula 布拉 bula 拉 la | burundi | 布隆迪 burundi bulongdi | bld | 隆迪 longdi 迪 di
201000317	Africa/Ceuta	Ceuta	Spain	Ceuta	休达	西班牙	xiu da	ceuta | 休达 ceuta xiuda | xd | 达 da | spain | 西班牙 spain xibanya | xby | 班牙 banya 牙 ya
201001043	Africa/Douala	Douala	Cameroon	Douala	杜阿拉	喀麦隆	du a la	douala | 杜阿拉 douala duala | dal | 阿拉 ala 拉 la | cameroon | 喀麦隆 cameroon kamailong | kml | 麦隆 mailong 隆 long
201001044	Africa/El_Aaiun	El-Aaiun	Western Sahara	El-Aaiun	阿尤恩	西撒哈拉	a you en	el-aaiun | 阿尤恩 el-aaiun ayouen | ea | aye | aaiun | 尤恩 youen 恩 en | western sahara | 西撒哈拉 western sahara xisahala | ws | xshl | sahara | 撒哈拉 sahala 哈拉 hala 拉 la
201001045	Africa/Juba	Juba	South Sudan	Juba	朱巴	南苏丹	zhu ba	juba | 朱巴 juba zhuba | zb | 巴 ba | south sudan | 南苏丹 south sudan nansudan | ss | nsd | sudan | 苏丹 sudan 丹 dan
201000696	Africa/Libreville	Libreville	Gabon	Libreville	利伯维尔	加蓬	li bo wei er	libreville | 利伯维尔 libreville liboweier | lbwe | 伯维尔 boweier 维尔 weier 尔 er | gabon | 加蓬 gabon jiapeng | jp | 蓬 peng
201000744	Africa/Lome	Lome	Togo	Lome	洛美	多哥	luo mei	lome | 洛美 lome luomei | lm | 美 mei | togo | 多哥 togo duoge | dg | 哥 ge
201000750	Africa/Luanda	Luanda	Angola	Luanda	罗安达	安哥拉	luo an da	luanda | 罗安达 luanda luoanda | lad | 安达 anda 达 da | angola | 安哥拉 angola angela | agl | 哥拉 gela 拉 la
201001046	Africa/Lubumbashi	Lubumbashi	Democratic Republic of the Congo	Lubumbashi	卢本巴希	刚果民主共和国	lu ben ba xi	lubumbashi | 卢本巴希 lubumbashi lubenbaxi | lbbx | 本巴希 benbaxi 巴希 baxi 希 xi | democratic republic of the congo | 刚果民主共和国 democratic republic of the congo gangguominzhugongheguo | drotc | ggmzghg | republicofthecongo ofthecongo thecongo congo | 果民主共和国 guominzhugongheguo 民主共和国 minzhugongheguo 主共和国 zhugongheguo 共和国 gongheguo 和国 heguo 国 guo
201000875	Africa/Lusaka	Lusaka	Zambia	Lusaka	卢萨卡	赞比亚	lu sa ka	lusaka | 卢萨卡 lusaka lusaka | lsk | 萨卡 saka 卡 ka | zambia | 赞比亚 zambia zanbiya | zby | 比亚 biya 亚 ya
201000877	Africa/Malabo	Malabo	Equatorial Guinea	Malabo	马拉博	赤道几内亚	ma la bo	malabo | 马拉博 malabo malabo | mlb | 拉博 labo 博 bo | equatorial guinea | 赤道几内亚 equatorial guinea chidaojineiya | eg | cdjny | guinea | 道几内亚 daojineiya 几内亚 jineiya 内亚 neiya 亚 ya
201000867	Africa/Maputo	Maputo	Mozambique	Maputo	马普托	莫桑比克	ma pu tuo	maputo | 马普托 maputo maputuo | mpt | 普托 putuo 托 tuo | mozambique | 莫桑比克 mozambique mosangbike | msbk | 桑比克 sangbike 比克 bike 克 ke
201001047	Africa/Mbabane	Mbabane	Swaziland	Mbabane	姆巴巴纳	斯威士兰	mu ba ba na	mbabane | 姆巴巴纳 mbabane mubabana | mbbn | 巴巴纳 babana 巴纳 bana 纳 na | swaziland | 斯威士兰 swaziland siweishilan | swsl | 威士兰 weishilan 士兰 shilan 兰 lan
201000691	Africa/Monrovia	Monrovia	Liberia	Monrovia	蒙罗维亚	利比里亚	meng luo wei ya	monrovia | 蒙罗维亚 monrovia mengluoweiya | mlwy | 罗维亚 luoweiya 维亚 weiya 亚 ya | liberia | 利比里亚 liberia libiliya | lbly | 比里亚 biliya 里亚 liya 亚 ya
201000911	Africa/Ndjamena	Ndjamena	Chad	Ndjamena	恩贾梅纳	乍得	en jia mei na	ndjamena | 恩贾梅纳 ndjamena enjiameina | ejmn | 贾梅纳 jiameina 梅纳 meina 纳 na | chad | 乍得 chad zhade | zd | 得 de
201000758	Africa/Niamey	Niamey	Niger	Niamey	尼亚美	尼日尔	ni ya mei	niamey | 尼亚美 niamey niyamei | nym | 亚美 yamei 美 mei | niger | 尼日尔 niger nirier | nre | 日尔 rier 尔 er
201000819	Africa/Nouakchott	Nouakchott	Mauritania	Nouakchott	努瓦克肖特	毛里塔尼亚	nu wa ke xiao te	nouakchott | 努瓦克肖特 nouakchott nuwakexiaote | nwkxt | 瓦克肖特 wakexiaote 克肖特 kexiaote 肖特 xiaote 特 te | mauritania | 毛里塔尼亚 mauritania maolitaniya | mltny | 里塔尼亚 litaniya 塔尼亚 taniya 尼亚 niya 亚 ya
201000782	Africa/Ouagadougou	Ouagadougou	Burkina Faso	Ouagadougou	瓦加杜古	布基纳法索	wa jia du gu	ouagadougou | 瓦加杜古 ouagadougou wajiadugu | wjdg | 加杜古 jiadugu 杜古 dugu 古 gu | burkina faso | 布基纳法索 burkina faso bujinafasuo | bf | bjnfs | faso | 基纳法索 jinafasuo 纳法索 nafasuo 法索 fasuo 索 suo
201000873	Africa/Porto-Novo	Porto-Novo	Benin	Porto-Novo	波多诺伏	贝宁	bo duo nuo fu	porto-novo | 波多诺伏 porto-novo boduonuofu | pn | bdnf | novo | 多诺伏 duonuofu 诺伏 nuofu 伏 fu | benin | 贝宁 benin beining | bn | 宁 ning
201001048	Africa/Windhoek	Windhoek	Namibia	Windhoek	温特和克	纳米比亚	wen te he ke	windhoek | 温特和克 windhoek wenteheke | wthk | 特和克 teheke 和克 heke 克 ke | namibia | 纳米比亚 namibia namibiya | nmby | 米比亚 mibiya 比亚 biya 亚 ya
201001049	America/Araguaina	Araguaina	Brazil	Araguaina	阿拉瓜伊纳	巴西	a la gua yi na	araguaina | 阿拉瓜伊纳 araguaina alaguayina | algyn | 拉瓜伊纳 laguayina 瓜伊纳 guayina 伊纳 yina 纳 na | brazil | 巴西 brazil baxi | bx | 西 xi
201001050	America/Argentina/Catamarca	Catamarca	Argentina	Catamarca	卡塔马卡	阿根廷	ka ta ma ka	catamarca | 卡塔马卡 catamarca katamaka | ktmk | 塔马卡 tamaka 马卡 maka 卡 ka | argentina | 阿根廷 argentina agenting | agt | 根廷 genting 廷 ting
201000414	America/Argentina/Cordoba	Cordoba	Argentina	Cordoba	科尔多瓦	阿根廷	ke er duo wa	cordoba | 科尔多瓦 cordoba keerduowa | kedw | 尔多瓦 erduowa 多瓦 duowa 瓦 wa | argentina | 阿根廷 argentina agenting | agt | 根廷 genting 廷 ting
201001051	America/Argentina/Jujuy	San Salvador de Jujuy	Argentina	San Salvador de Jujuy	圣萨尔瓦多-德胡胡伊	阿根廷	sheng sa er wa duo de hu hu yi	san salvador de jujuy | 圣萨尔瓦多德胡胡伊 san salvador de jujuy shengsaerwaduodehuhuyi | ssdj | ssewddhhy | salvadordejujuy dejujuy jujuy | 萨尔瓦多德胡胡伊 saerwaduodehuhuyi 尔瓦多德胡胡伊 erwaduodehuhuyi 瓦多德胡胡伊 waduodehuhuyi 多德胡胡伊 duodehuhuyi 德胡胡伊 dehuhuyi 胡胡伊 huhuyi 胡伊 huyi 伊 yi | argentina | 阿根廷 argentina agenting | agt | 根廷 genting 廷 ting
201001052	Europe/Madrid	Calahorra	Spain	Calahorra	卡拉奥拉	西班牙	ka la ao la	calahorra | 卡拉奥拉 calahorra kalaaola | klal | 拉奥拉 laaola 奥拉 aola 拉 la | spain | 西班牙 spain xibanya | xby | 班牙 banya 牙 ya
201001053	America/Argentina/Rio_Gallegos	Rio Gallegos	Argentina	Rio Gallegos	里奥加耶戈斯	阿根廷	li ao jia ye ge si	rio gallegos | 里奥加耶戈斯 rio gallegos liaojiayegesi | rg | lajygs | gallegos | 奥加耶戈斯 aojiayegesi 加耶戈斯 jiayegesi 耶戈斯 yegesi 戈斯 gesi 斯 si | argentina | 阿根廷 argentina agenting | agt | 根廷 genting 廷 ting
201001054	America/Argentina/Salta	Salta	Argentina	Salta	萨尔塔	阿根廷	sa er ta	salta | 萨尔塔 salta saerta | set | 尔塔 erta 塔 ta | argentina | 阿根廷 argentina agenting | agt | 根廷 genting 廷 ting
201001055	America/Argentina/San_Juan	San Juan	Argentina	San Juan	圣胡安	阿根廷	sheng hu an	san juan | 圣胡安 san juan shenghuan | sj | sha | juan | 胡安 huan 安 an | argentina | 阿根廷 argentina agenting | agt | 根廷 genting 廷 ting
201001056	America/Argentina/San_Luis	San Luis	Argentina	San Luis	圣路易斯	阿根廷	sheng lu yi si	san luis | 圣路易斯 san luis shengluyisi | sl | slys | luis | 路易斯 luyisi 易斯 yisi 斯 si | argentina | 阿根廷 argentina agenting | agt | 根廷 genting 廷 ting
201001057	America/Argentina/Tucuman	Tucuman	Argentina	Tucuman	圣米格尔-德图库曼	阿根廷	sheng mi ge er de tu ku man	tucuman | 圣米格尔德图库曼 tucuman shengmigeerdetukuman | smgedtkm | 米格尔德图库曼 migeerdetukuman 格尔德图库曼 geerdetukuman 尔德图库曼 erdetukuman 德图库曼 detukuman 图库曼 tukuman 库曼 kuman 曼 man | argentina | 阿根廷 argentina agenting | agt | 根廷 genting 廷 ting
201000423	America/Argentina/Ushuaia	Ushuaia	Argentina	Ushuaia	乌斯怀亚	阿根廷	wu si huai ya	ushuaia | 乌斯怀亚 ushuaia wusihuaiya | wshy | 斯怀亚 sihuaiya 怀亚 huaiya 亚 ya | argentina | 阿根廷 argentina agenting | agt | 根廷 genting 廷 ting
201001058	America/Atikokan	Atikokan	Canada	Atikokan	阿蒂科肯	加拿大	a di ke ken	atikokan | 阿蒂科肯 atikokan adikeken | adkk | 蒂科肯 dikeken 科肯 keken 肯 ken | canada | 加拿大 canada jianada | jnd | 拿大 nada 大 da
201001059	America/Atka	Atka	United States	Atka	阿特卡	美国	a te ka	atka | 阿特卡 atka ateka | atk | 特卡 teka 卡 ka | united states | 美国 united states meiguo | us | mg | states | 国 guo
201001060	America/Bahia	Bahia	Brazil	Bahia	巴伊亚	巴西	ba yi ya	bahia | 巴伊亚 bahia bayiya | byy | 伊亚 yiya 亚 ya | brazil | 巴西 brazil baxi | bx | 西 xi
201001061	America/Belem	Belem	Brazil	Belem	贝伦	巴西	bei lun	belem | 贝伦 belem beilun | bl | 伦 lun | brazil | 巴西 brazil baxi | bx | 西 xi
201001062	America/Blanc-Sablon	Blanc-Sablon	Canada	Blanc-Sablon	布朗萨布隆	加拿大	bu lang sa bu long	blanc-sablon | 布朗萨布隆 blanc-sablon bulangsabulong | bs | blsbl | sablon | 朗萨布隆 langsabulong 萨布隆 sabulong 布隆 bulong 隆 long | canada | 加拿大 canada jianada | jnd | 拿大 nada 大 da
201001063	America/Boa_Vista	Boa Vista	Brazil	Boa Vista	博阿维斯塔	巴西	bo a wei si ta	boa vista | 博阿维斯塔 boa vista boaweisita | bv | bawst | vista | 阿维斯塔 aweisita 维斯塔 weisita 斯塔 sita 塔 ta | brazil | 巴西 brazil baxi | bx | 西 xi
201001064	America/Boise	Boise	United States	Boise	博伊西	美国	bo yi xi	boise | 博伊西 boise boyixi | byx | 伊西 yixi 西 xi | united states | 美国 united states meiguo | us | mg | states | 国 guo
201001065	America/Cambridge_Bay	Cambridge Bay	Canada	Cambridge Bay	剑桥湾	加拿大	jian qiao wan	cambridge bay | 剑桥湾 cambridge bay jianqiaowan | cb | jqw | bay | 桥湾 qiaowan 湾 wan | canada | 加拿大 canada jianada | jnd | 拿大 nada 大 da
201001066	America/Campo_Grande	Campo Grande	Brazil	Campo Grande	大坎普	巴西	da kan pu	campo grande | 大坎普 campo grande dakanpu | cg | dkp | grande | 坎普 kanpu 普 pu | brazil | 巴西 brazil baxi | bx | 西 xi
201001067	America/Cayenne	Cayenne	French Guiana	Cayenne	卡宴	法属圭亚那	ka yan	cayenne | 卡宴 cayenne kayan | ky | 宴 yan | french guiana | 法属圭亚那 french guiana fashuguiyana | fg | fsgyn | guiana | 属圭亚那 shuguiyana 圭亚那 guiyana 亚那 yana 那 na
201001068	America/Chihuahua	Chihuahua	Mexico	Chihuahua	奇瓦瓦	墨西哥	qi wa wa	chihuahua | 奇瓦瓦 chihuahua qiwawa | qww | 瓦瓦 wawa 瓦 wa | mexico | 墨西哥 mexico moxige | mxg | 西哥 xige 哥 ge
201001069	America/Coral_Harbour	Coral Harbour	Canada	Coral Harbour	科勒尔	加拿大	ke le er	coral harbour | 科勒尔 coral harbour keleer | ch | kle | harbour | 勒尔 leer 尔 er | canada | 加拿大 canada jianada | jnd | 拿大 nada 大 da
201001070	America/Creston	Creston	Canada	Creston	克雷斯顿	加拿大	ke lei si dun	creston | 克雷斯顿 creston keleisidun | klsd | 雷斯顿 leisidun 斯顿 sidun 顿 dun | canada | 加拿大 canada jianada | jnd | 拿大 nada 大 da
201001071	America/Cuiaba	Cuiaba	Brazil	Cuiaba	库亚坝	巴西	ku ya ba	cuiaba | 库亚坝 cuiaba kuyaba | kyb | 亚坝 yaba 坝 ba | brazil | 巴西 brazil baxi | bx | 西 xi
201001072	America/Dawson	Dawson	Canada	Dawson	道森	加拿大	dao sen	dawson | 道森 dawson daosen | ds | 森 sen | canada | 加拿大 canada jianada | jnd | 拿大 nada 大 da
201001073	America/Eirunepe	Eirunepe	Brazil	Eirunepe	艾鲁内佩	巴西	ai lu nei pei	eirunepe | 艾鲁内佩 eirunepe ailuneipei | alnp | 鲁内佩 luneipei 内佩 neipei 佩 pei | brazil | 巴西 brazil baxi | bx | 西 xi
201001074	America/Ensenada	Ensenada	Mexico	Ensenada	恩塞纳达	墨西哥	en sai na da	ensenada | 恩塞纳达 ensenada ensainada | esnd | 塞纳达 sainada 纳达 nada 达 da | mexico | 墨西哥 mexico moxige | mxg | 西哥 xige 哥 ge
201001075	America/Fort_Wayne	Fort Wayne	United States	Fort Wayne	韦恩堡	美国	wei en bao	fort wayne | 韦恩堡 fort wayne weienbao | fw | web | wayne | 恩堡 enbao 堡 bao | united states | 美国 united states meiguo | us | mg | states | 国 guo
201001076	America/Glace_Bay	Glace Bay	Canada	Glace Bay	格莱斯贝	加拿大	ge lai si bei	glace bay | 格莱斯贝 glace bay gelaisibei | gb | glsb | bay | 莱斯贝 laisibei 斯贝 sibei 贝 bei | canada | 加拿大 canada jianada | jnd | 拿大 nada 大 da
201001077	America/Guadeloupe	Guadeloupe	France	Guadeloupe	瓜德罗普岛	法国	gua de luo pu dao	guadeloupe | 瓜德罗普岛 guadeloupe guadeluopudao | gdlpd | 德罗普岛 deluopudao 罗普岛 luopudao 普岛 pudao 岛 dao | france | 法国 france faguo | fg | 国 guo
201000714	America/Guayaquil	Guayaquil	Ecuador	Guayaquil	瓜亚基尔	厄瓜多尔	gua ya ji er	guayaquil | 瓜亚基尔 guayaquil guayajier | gyje | 亚基尔 yajier 基尔 jier 尔 er | ecuador | 厄瓜多尔 ecuador eguaduoer | egde | 瓜多尔 guaduoer 多尔 duoer 尔 er
201001078	America/Hermosillo	Hermosillo	Mexico	Hermosillo	埃莫西约	墨西哥	ai mo xi yue	hermosillo | 埃莫西约 hermosillo aimoxiyue | amxy | 莫西约 moxiyue 西约 xiyue 约 yue | mexico | 墨西哥 mexico moxige | mxg | 西哥 xige 哥 ge
201001079	America/Inuvik	Inuvik	Canada	Inuvik	因纽维克	加拿大	yin niu wei ke	inuvik | 因纽维克 inuvik yinniuweike | ynwk | 纽维克 niuweike 维克 weike 克 ke | canada | 加拿大 canada jianada | jnd | 拿大 nada 大 da
201001080	America/Iqaluit	Iqaluit	Canada	Iqaluit	伊魁特	加拿大	yi kui te	iqaluit | 伊魁特 iqaluit yikuite | ykt | 魁特 kuite 特 te | canada | 加拿大 canada jianada | us | jnd | 拿大 nada 大 da
201001081	America/Juneau	Juneau	United States	Juneau	朱诺	美国	zhu nuo	juneau | 朱诺 juneau zhunuo | zn | 诺 nuo | united states | 美国 united states meiguo | us | mg | states | 国 guo
201001082	America/Kentucky/Monticello	Monticello	United States	Monticello	蒙蒂塞洛	美国	meng di sai luo	monticello | 蒙蒂塞洛 monticello mengdisailuo | mdsl | 蒂塞洛 disailuo 塞洛 sailuo 洛 luo | united states | 美国 united states meiguo | mg | states | 国 guo
201001083	America/Kralendijk	Kralendijk	Bonaire	Kralendijk	克拉伦代克	波内赫	ke la lun dai ke	kralendijk | 克拉伦代克 kralendijk kelalundaike | klldk | 拉伦代克 lalundaike 伦代克 lundaike 代克 daike 克 ke | bonaire | 波内赫 bonaire boneihe | bnh | 内赫 neihe 赫 he
201001084	America/Curacao	Willemstad	Curaçao	Willemstad	威廉斯塔德	库拉索	wei lian si ta de	willemstad | 威廉斯塔德 willemstad weiliansitade | wlstd | 廉斯塔德 liansitade 斯塔德 sitade 塔德 tade 德 de | curaçao | 库拉索 curaçao kulasuo | kls | 拉索 lasuo 索 suo
201001085	America/Maceio	Maceio	Brazil	Maceio	马塞约	巴西	ma sai yue	maceio | 马塞约 maceio masaiyue | msy | 塞约 saiyue 约 yue | brazil | 巴西 brazil baxi | bx | 西 xi
201001086	America/Manaus	Manaus	Brazil	Manaus	玛瑙斯	巴西	ma nao si	manaus | 玛瑙斯 manaus manaosi | mns | 瑙斯 naosi 斯 si | brazil | 巴西 brazil baxi | sm | bx | 西 xi
201001087	America/Marigot	Marigot	Saint Martin	Marigot	马里戈特	圣马丁岛	ma li ge te	marigot | 马里戈特 marigot maligete | mlgt | 里戈特 ligete 戈特 gete 特 te | saint martin | 圣马丁岛 saint martin shengmadingdao | smdd | martin | 马丁岛 madingdao 丁岛 dingdao 岛 dao
201001088	America/Matamoros	Matamoros	Mexico	Matamoros	马塔莫罗斯	墨西哥	ma ta mo luo si	matamoros | 马塔莫罗斯 matamoros matamoluosi | mtmls | 塔莫罗斯 tamoluosi 莫罗斯 moluosi 罗斯 luosi 斯 si | mexico | 墨西哥 mexico moxige | mxg | 西哥 xige 哥 ge
201001089	America/Mazatlan	Mazatlan	Mexico	Mazatlan	马萨特兰	墨西哥	ma sa te lan	mazatlan | 马萨特兰 mazatlan masatelan | mstl | 萨特兰 satelan 特兰 telan 兰 lan | mexico | 墨西哥 mexico moxige | us | mxg | 西哥 xige 哥 ge
201001090	America/Menominee	Menominee	United States	Menominee	梅诺米尼	美国	mei nuo mi ni	menominee | 梅诺米尼 menominee meinuomini | mnmn | 诺米尼 nuomini 米尼 mini 尼 ni | united states | 美国 united states meiguo | mg | states | 国 guo
201001091	America/Merida	Merida	Mexico	Merida	梅里达	墨西哥	mei li da	merida | 梅里达 merida meilida | mld | 里达 lida 达 da | mexico | 墨西哥 mexico moxige | spam | mxg | 西哥 xige 哥 ge
201001092	America/Miquelon	Saint-Pierre	Saint Pierre and Miquelon	Saint-Pierre	圣皮埃尔	圣皮埃尔和密克隆群岛	sheng pi ai er	saint-pierre | 圣皮埃尔 saint-pierre shengpiaier | sp | spae | pierre | 皮埃尔 piaier 埃尔 aier 尔 er | saint pierre and miquelon | 圣皮埃尔和密克隆群岛 saint pierre and miquelon shengpiaierhemikelongqundao | spaehmklqd | pierreandmiquelon andmiquelon miquelon | 皮埃尔和密克隆群岛 piaierhemikelongqundao 埃尔和密克隆群岛 aierhemikelongqundao 尔和密克隆群岛 erhemikelongqundao 和密克隆群岛 hemikelongqundao 密克隆群岛 mikelongqundao 克隆群岛 kelongqundao 隆群岛 longqundao 群岛 qundao 岛 dao
201001093	America/Moncton	Moncton	Canada	Moncton	蒙克顿	加拿大	meng ke dun	moncton | 蒙克顿 moncton mengkedun | mkd | 克顿 kedun 顿 dun | canada | 加拿大 canada jianada | jnd | 拿大 nada 大 da
201001094	Europe/London	Plymouth	England	Plymouth	普利茅斯	英国	pu li mao si	plymouth | 普利茅斯 plymouth pulimaosi | plms | 利茅斯 limaosi 茅斯 maosi 斯 si | england | 英国 england yingguo | yg | 国 guo
201001095	America/Nipigon	Nipigon	Canada	Nipigon	尼皮贡	加拿大	ni pi gong	nipigon | 尼皮贡 nipigon nipigong | npg | 皮贡 pigong 贡 gong | canada | 加拿大 canada jianada | us | jnd | 拿大 nada 大 da
201001096	America/Nome	Nome	United States	Nome	诺姆	美国	nuo mu	nome | 诺姆 nome nuomu | nm | 姆 mu | united states | 美国 united states meiguo | mg | states | 国 guo
201001097	America/Noronha	Noronha	Brazil	Noronha	诺罗尼亚	巴西	nuo luo ni ya	noronha | 诺罗尼亚 noronha nuoluoniya | nlny | 罗尼亚 luoniya 尼亚 niya 亚 ya | brazil | 巴西 brazil baxi | bx | 西 xi
201001098	America/Ojinaga	Ojinaga	Mexico	Ojinaga	奥希纳加	墨西哥	ao xi na jia	ojinaga | 奥希纳加 ojinaga aoxinajia | axnj | 希纳加 xinajia 纳加 najia 加 jia | mexico | 墨西哥 mexico moxige | mxg | 西哥 xige 哥 ge
201001099	America/Pangnirtung	Pangnirtung	Canada	Pangnirtung	庞纳唐	加拿大	pang na tang	pangnirtung | 庞纳唐 pangnirtung pangnatang | pnt | 纳唐 natang 唐 tang | canada | 加拿大 canada jianada | jnd | 拿大 nada 大 da
201001100	America/Paramaribo	Paramaribo	Surinam	Paramaribo	帕拉马里博	苏里南	pa la ma li bo	paramaribo | 帕拉马里博 paramaribo palamalibo | plmlb | 拉马里博 lamalibo 马里博 malibo 里博 libo 博 bo | surinam | 苏里南 surinam sulinan | sln | 里南 linan 南 nan
201001101	America/Porto_Acre	Porto Acre	Brazil	Porto Acre	阿克雷	巴西	a ke lei	porto acre | 阿克雷 porto acre akelei | pa | akl | acre | 克雷 kelei 雷 lei | brazil | 巴西 brazil baxi | bx | 西 xi
201001102	America/Porto_Velho	Porto Velho	Brazil	Porto Velho	韦柳港	巴西	wei liu gang	porto velho | 韦柳港 porto velho weiliugang | pv | wlg | velho | 柳港 liugang 港 gang | brazil | 巴西 brazil baxi | bx | 西 xi
201001103	America/Rankin_Inlet	Rankin Inlet	Canada	Rankin Inlet	兰金因莱特	加拿大	lan jin yin lai te	rankin inlet | 兰金因莱特 rankin inlet lanjinyinlaite | ri | ljylt | inlet | 金因莱特 jinyinlaite 因莱特 yinlaite 莱特 laite 特 te | canada | 加拿大 canada jianada | jnd | 拿大 nada 大 da
201001104	America/Recife	Recife	Brazil	Recife	累西腓	巴西	lei xi fei	recife | 累西腓 recife leixifei | lxf | 西腓 xifei 腓 fei | brazil | 巴西 brazil baxi | bx | 西 xi
201001105	America/Regina	Regina	Canada	Regina	里贾纳	加拿大	li jia na	regina | 里贾纳 regina lijiana | ljn | 贾纳 jiana 纳 na | canada | 加拿大 canada jianada | jnd | 拿大 nada 大 da
201001106	America/Rio_Branco	Rio Branco	Brazil	Rio Branco	里约布兰科	巴西	li yue bu lan ke	rio branco | 里约布兰科 rio branco liyuebulanke | rb | lyblk | branco | 约布兰科 yuebulanke 布兰科 bulanke 兰科 lanke 科 ke | brazil | 巴西 brazil baxi | bx | 西 xi
201000418	America/Rosario	Rosario	Argentina	Rosario	罗萨里奥	阿根廷	luo sa li ao	rosario | 罗萨里奥 rosario luosaliao | lsla | 萨里奥 saliao 里奥 liao 奥 ao | argentina | 阿根廷 argentina agenting | agt | 根廷 genting 廷 ting
201001107	America/Santarem	Santarem	Brazil	Santarem	圣塔伦	巴西	sheng ta lun	santarem | 圣塔伦 santarem shengtalun | stl | 塔伦 talun 伦 lun | brazil | 巴西 brazil baxi | bx | 西 xi
201000507	America/Santiago	Santiago	Chile	Santiago	圣地亚哥	智利	sheng di ya ge	santiago | 圣地亚哥 santiago shengdiyage | sdyg | 地亚哥 diyage 亚哥 yage 哥 ge | chile | 智利 chile zhili | zl | 利 li
201001108	America/Scoresbysund	Ittoqqortoormiit	Greenland	Ittoqqortoormiit	依托克托洛米特	格陵兰	yi tuo ke tuo luo mi te	ittoqqortoormiit | 依托克托洛米特 ittoqqortoormiit yituoketuoluomite | ytktlmt | 托克托洛米特 tuoketuoluomite 克托洛米特 ketuoluomite 托洛米特 tuoluomite 洛米特 luomite 米特 mite 特 te | greenland | 格陵兰 greenland gelinglan | us | gll | 陵兰 linglan 兰 lan
201001109	America/Shiprock	San Juan County	United States	San Juan County	圣胡安县	美国	sheng hu an xian	san juan county | 圣胡安县 san juan county shenghuanxian | sjc | shax | juancounty county | 胡安县 huanxian 安县 anxian 县 xian | united states | 美国 united states meiguo | us | mg | states | 国 guo
201001110	America/Sitka	Sitka	United States	Sitka	锡特卡	美国	xi te ka	sitka | 锡特卡 sitka xiteka | xtk | 特卡 teka 卡 ka | united states | 美国 united states meiguo | satg | mg | states | 国 guo
201001111	America/St_Vincent	Kingstown	St.Vincent and the Grenadines	Kingstown	金斯敦	圣文森特和格林纳丁斯	jin si dun	kingstown | 金斯敦 kingstown jinsidun | jsd | 斯敦 sidun 敦 dun | st.vincent and the grenadines | 圣文森特和格林纳丁斯 st.vincent and the grenadines shengwensentehegelinnadingsi | swsthglnds | andthegrenadines thegrenadines grenadines | 文森特和格林纳丁斯 wensentehegelinnadingsi 森特和格林纳丁斯 sentehegelinnadingsi 特和格林纳丁斯 tehegelinnadingsi 和格林纳丁斯 hegelinnadingsi 格林纳丁斯 gelinnadingsi 林纳丁斯 linnadingsi 纳丁斯 nadingsi 丁斯 dingsi 斯 si
201001112	America/Swift_Current	Swift Current	Canada	Swift Current	斯威夫特卡伦特	加拿大	si wei fu te ka lun te	swift current | 斯威夫特卡伦特 swift current siweifutekalunte | sc | swftklt | current | 威夫特卡伦特 weifutekalunte 夫特卡伦特 futekalunte 特卡伦特 tekalunte 卡伦特 kalunte 伦特 lunte 特 te | canada | 加拿大 canada jianada | jnd | 拿大 nada 大 da
201000831	America/Tegucigalpa	Tegucigalpa	Honduras	Tegucigalpa	特古西加尔巴	洪都拉斯	te gu xi jia er ba	tegucigalpa | 特古西加尔巴 tegucigalpa teguxijiaerba | tgxjeb | 古西加尔巴 guxijiaerba 西加尔巴 xijiaerba 加尔巴 jiaerba 尔巴 erba 巴 ba | honduras | 洪都拉斯 honduras hongdulasi | hdls | 都拉斯 dulasi 拉斯 lasi 斯 si
201001113	America/Thule	Thule	Greenland	Thule	卡纳克	格陵兰	ka na ke	thule | 卡纳克 thule kanake | knk | 纳克 nake 克 ke | greenland | 格陵兰 greenland gelinglan | gll | 陵兰 linglan 兰 lan
201001114	America/Thunder_Bay	Thunder Bay	Canada	Thunder Bay	桑德贝	加拿大	sang de bei	thunder bay | 桑德贝 thunder bay sangdebei | tb | sdb | bay | 德贝 debei 贝 bei | canada | 加拿大 canada jianada | bvi | jnd | 拿大 nada 大 da
201001115	America/Tortola	Road Town	British Virgin Islands	Road Town	罗德城	英属维尔京群岛	luo de cheng	road town | 罗德城 road town luodecheng | rt | ldc | town | 德城 decheng 城 cheng | british virgin islands | 英属维尔京群岛 british virgin islands yingshuweierjingqundao | uvi | yswejqd | virginislands islands | 属维尔京群岛 shuweierjingqundao 维尔京群岛 weierjingqundao 尔京群岛 erjingqundao 京群岛 jingqundao 群岛 qundao 岛 dao
201001116	America/Virgin	Christiansted	U.S. Virgin Islands	Christiansted	克里斯琴斯特德	美属维尔京群岛	ke li si qin si te de	christiansted | 克里斯琴斯特德 christiansted kelisiqinsitede | klsqstd | 里斯琴斯特德 lisiqinsitede 斯琴斯特德 siqinsitede 琴斯特德 qinsitede 斯特德 sitede 特德 tede 德 de | u.s. virgin islands | 美属维尔京群岛 u.s. virgin islands meishuweierjingqundao | mswejqd | virginislands islands | 属维尔京群岛 shuweierjingqundao 维尔京群岛 weierjingqundao 尔京群岛 erjingqundao 京群岛 jingqundao 群岛 qundao 岛 dao
201001117	America/Whitehorse	Whitehorse	Canada	Whitehorse	白马市	加拿大	bai ma shi	whitehorse | 白马市 whitehorse baimashi | bms | 马市 mashi 市 shi | canada | 加拿大 canada jianada | us | jnd | 拿大 nada 大 da
201001118	America/Yakutat	Yakutat	United States	Yakutat	亚库塔特	美国	ya ku ta te	yakutat | 亚库塔特 yakutat yakutate | yktt | 库塔特 kutate 塔特 tate 特 te | united states | 美国 united states meiguo | mg | states | 国 guo
201001119	America/Yellowknife	Yellowknife	Canada	Yellowknife	耶洛奈夫	加拿大	ye luo nai fu	yellowknife | 耶洛奈夫 yellowknife yeluonaifu | ylnf | 洛奈夫 luonaifu 奈夫 naifu 夫 fu | canada | 加拿大 canada jianada | jnd | 拿大 nada 大 da
201001120	Antarctica/Casey	Casey Station	Antarctica	Casey Station	凯西站	南极洲	kai xi zhan	casey station | 凯西站 casey station kaixizhan | cs | kxz | station | 西站 xizhan 站 zhan | antarctica | 南极洲 antarctica nanjizhou | njz | 极洲 jizhou 洲 zhou
201001121	Antarctica/Davis	Davis Station	Antarctica	Davis Station	戴维斯站	南极洲	dai wei si zhan	davis station | 戴维斯站 davis station daiweisizhan | ds | dwsz | station | 维斯站 weisizhan 斯站 sizhan 站 zhan | antarctica | 南极洲 antarctica nanjizhou | njz | 极洲 jizhou 洲 zhou
201001122	Antarctica/DumontDUrville	Dumont d'Urville Station	Antarctica	Dumont d'Urville Station	迪蒙迪维尔站	南极洲	di meng di wei er zhan	dumont d'urville station | 迪蒙迪维尔站 dumont d'urville station dimengdiweierzhan | dds | dmdwez | d'urvillestation station | 蒙迪维尔站 mengdiweierzhan 迪维尔站 diweierzhan 维尔站 weierzhan 尔站 erzhan 站 zhan | antarctica | 南极洲 antarctica nanjizhou | njz | 极洲 jizhou 洲 zhou
201001123	Antarctica/Macquarie	Macquarie Island Station	Antarctica	Macquarie Island Station	麦夸里岛站	南极洲	mai kua li dao zhan	macquarie island station | 麦夸里岛站 macquarie island station maikualidaozhan | mis | mkldz | islandstation station | 夸里岛站 kualidaozhan 里岛站 lidaozhan 岛站 daozhan 站 zhan | antarctica | 南极洲 antarctica nanjizhou | njz | 极洲 jizhou 洲 zhou
201001124	Antarctica/Mawson	Mawson Station	Antarctica	Mawson Station	莫森站	南极洲	mo sen zhan	mawson station | 莫森站 mawson station mosenzhan | ms | msz | station | 森站 senzhan 站 zhan | antarctica | 南极洲 antarctica nanjizhou | njz | 极洲 jizhou 洲 zhou
201001125	Antarctica/McMurdo	McMurdo Station	Antarctica	McMurdo Station	麦克默多站	南极洲	mai ke mo duo zhan	mcmurdo station | 麦克默多站 mcmurdo station maikemoduozhan | ms | mkmdz | station | 克默多站 kemoduozhan 默多站 moduozhan 多站 duozhan 站 zhan | antarctica | 南极洲 antarctica nanjizhou | njz | 极洲 jizhou 洲 zhou
201001126	Antarctica/Palmer	Palmer Station	Antarctica	Palmer Station	帕尔默站	南极洲	pa er mo zhan	palmer station | 帕尔默站 palmer station paermozhan | ps | pemz | station | 尔默站 ermozhan 默站 mozhan 站 zhan | antarctica | 南极洲 antarctica nanjizhou | njz | 极洲 jizhou 洲 zhou
201001127	Antarctica/Rothera	Rothera Research Station	Antarctica	Rothera Research Station	罗瑟拉站	南极洲	luo se la zhan	rothera research station | 罗瑟拉站 rothera research station luoselazhan | rrs | lslz | researchstation station | 瑟拉站 selazhan 拉站 lazhan 站 zhan | antarctica | 南极洲 antarctica nanjizhou | njz | 极洲 jizhou 洲 zhou
201001128	Antarctica/Syowa	Syowa Station	Antarctica	Syowa Station	昭和站	南极洲	zhao he zhan	syowa station | 昭和站 syowa station zhaohezhan | ss | zhz | station | 和站 hezhan 站 zhan | antarctica | 南极洲 antarctica nanjizhou | njz | 极洲 jizhou 洲 zhou
201001129	Antarctica/Vostok	Vostok Station	Antarctica	Vostok Station	沃斯托克站	南极洲	wo si tuo ke zhan	vostok station | 沃斯托克站 vostok station wosituokezhan | vs | wstkz | station | 斯托克站 situokezhan 托克站 tuokezhan 克站 kezhan 站 zhan | antarctica | 南极洲 antarctica nanjizhou | njz | 极洲 jizhou 洲 zhou
201001130	Asia/Aden	Aden	Yemen	Aden	亚丁	也门	ya ding	aden | 亚丁 aden yading | yd | 丁 ding | yemen | 也门 yemen yemen | ym | 门 men
201001131	Asia/Aqtobe	Aqtobe	Kazakhstan	Aqtobe	阿克托别	哈萨克斯坦	a ke tuo bie	aqtobe | 阿克托别 aqtobe aketuobie | aktb | 克托别 ketuobie 托别 tuobie 别 bie | kazakhstan | 哈萨克斯坦 kazakhstan hasakesitan | hskst | 萨克斯坦 sakesitan 克斯坦 kesitan 斯坦 sitan 坦 tan
201000710	Asia/Ashgabat	Ashgabat	Turkmenistan	Ashgabat	阿什哈巴德	土库曼斯坦	a shi ha ba de	ashgabat | 阿什哈巴德 ashgabat ashihabade | ashbd | 什哈巴德 shenhabade 哈巴德 habade 巴德 bade 德 de | turkmenistan | 土库曼斯坦 turkmenistan tukumansitan | tkmst | 库曼斯坦 kumansitan 曼斯坦 mansitan 斯坦 sitan 坦 tan
201001132	Asia/Bishkek	Bishkek	Kirghizia	Bishkek	比什凯克	吉尔吉斯	bi shi kai ke	bishkek | 比什凯克 bishkek bishikaike | bskk | 什凯克 shikaike 凯克 kaike 克 ke | kirghizia | 吉尔吉斯 kirghizia jierjisi | jejs | 尔吉斯 erjisi 吉斯 jisi 斯 si
201001133	Asia/Brunei	Bandar Seri Begawan	Brunei	Bandar Seri Begawan	斯里巴加湾市	文莱	si li ba jia wan shi	bandar seri begawan | 斯里巴加湾市 bandar seri begawan silibajiawanshi | bsb | slbjws | seribegawan begawan | 里巴加湾市 libajiawanshi 巴加湾市 bajiawanshi 加湾市 jiawanshi 湾市 wanshi 市 shi | brunei | 文莱 brunei wenlai | wl | 莱 lai
201001134	Asia/Choibalsan	Choibalsan	Mongolia	Choibalsan	乔巴山	蒙古	qiao ba shan	choibalsan | 乔巴山 choibalsan qiaobashan | qbs | 巴山 bashan 山 shan | mongolia | 蒙古 mongolia menggu | mg | 古 gu
101040100	Asia/Chongqing	Chongqing	China	Chongqing	重庆	中国	chong qing	chongqing | 重庆 chongqing chongqing | cq | 庆 qing | china | 中国 china zhongguo | sl | zg | 国 guo
201000812	Asia/Colombo	Colombo	Sri Lanka	Colombo	科伦坡	斯里兰卡	ke lun po	colombo | 科伦坡 colombo kelunpo | klp | 伦坡 lunpo 坡 po | sri lanka | 斯里兰卡 sri lanka sililanka | et | sllk | lanka | 里兰卡 lilanka 兰卡 lanka 卡 ka
201001135	Asia/Dili	Dili	East Timor	Dili	帝力	东帝汶	di li	dili | 帝力 dili dili | dl | 力 li | east timor | 东帝汶 east timor dongdiwen | ddw | timor | 帝汶 diwen 汶 wen
201000725	Asia/Dushanbe	Dushanbe	Tajikistan	Dushanbe	杜尚别	塔吉克斯坦	du shang bie	dushanbe | 杜尚别 dushanbe dushangbie | dsb | 尚别 shangbie 别 bie | tajikistan | 塔吉克斯坦 tajikistan tajikesitan | tjkst | 吉克斯坦 jikesitan 克斯坦 kesitan 斯坦 sitan 坦 tan
101050101	Asia/Harbin	Harbin	China	Harbin	哈尔滨	中国	ha er bin	harbin | 哈尔滨 harbin haerbin | heb | 尔滨 erbin 滨 bin | china | 中国 china zhongguo | zg | 国 guo
201001136	Asia/Hovd	Hovd	Mongolia	Hovd	科布多	蒙古	ke bu duo	hovd | 科布多 hovd kebuduo | kbd | 布多 buduo 多 duo | mongolia | 蒙古 mongolia menggu | mg | 古 gu
201000227	Asia/Irkutsk	Irkutsk	Russia	Irkutsk	伊尔库茨克	俄罗斯	yi er ku ci ke	irkutsk | 伊尔库茨克 irkutsk yierkucike | yekck | 尔库茨克 erkucike 库茨克 kucike 茨克 cike 克 ke | russia | 俄罗斯 russia eluosi | els | 罗斯 luosi 斯 si
201001137	Asia/Jayapura	Jayapura	Indonesia	Jayapura	查亚普拉	印度尼西亚	cha ya pu la	jayapura | 查亚普拉 jayapura chayapula | cypl | 亚普拉 yapula 普拉 pula 拉 la | indonesia | 印度尼西亚 indonesia yindunixiya | ydnxy | 度尼西亚 dunixiya 尼西亚 nixiya 西亚 xiya 亚 ya
201001138	Asia/Kamchatka	Petropavlovsk-Kamchatsky	Russia	Petropavlovsk-Kamchatsky	堪察加彼得罗巴甫洛夫斯克	俄罗斯	kan cha jia bi de luo ba fu luo fu si ke	petropavlovsk-kamchatsky | 堪察加彼得罗巴甫洛夫斯克 petropavlovsk-kamchatsky kanchajiabideluobafuluofusike | pk | kcjbdlbflfsk | kamchatsky | 察加彼得罗巴甫洛夫斯克 chajiabideluobafuluofusike 加彼得罗巴甫洛夫斯克 jiabideluobafuluofusike 彼得罗巴甫洛夫斯克 bideluobafuluofusike 得罗巴甫洛夫斯克 deluobafuluofusike 罗巴甫洛夫斯克 luobafuluofusike 巴甫洛夫斯克 bafuluofusike 甫洛夫斯克 fuluofusike 洛夫斯克 luofusike 夫斯克 fusike 斯克 sike 克 ke | russia | 俄罗斯 russia eluosi | els | 罗斯 luosi 斯 si
101130901	Asia/Shanghai	Kashgar	China	Kashgar	喀什	中国	ka shi	kashgar | 喀什 kashgar kashi | ks | 什 shi | china | 中国 china zhongguo | zg | 国 guo
201001139	Asia/Krasnoyarsk	Krasnoyarsk	Russia	Krasnoyarsk	克拉斯诺雅茨克	俄罗斯	ke la si nuo ya ci ke	krasnoyarsk | 克拉斯诺雅茨克 krasnoyarsk kelasinuoyacike | klsnyck | 拉斯诺雅茨克 lasinuoyacike 斯诺雅茨克 sinuoyacike 诺雅茨克 nuoyacike 雅茨克 yacike 茨克 cike 克 ke | russia | 俄罗斯 russia eluosi | els | 罗斯 luosi 斯 si
201000200	Asia/Kuching	Kuching	Malaysia	Kuching	古晋	马来西亚	gu jin	kuching | 古晋 kuching gujin | gj | 晋 jin | malaysia | 马来西亚 malaysia malaixiya | mlxy | 来西亚 laixiya 西亚 xiya 亚 ya
201001140	Asia/Magadan	Magadan	Russia	Magadan	马加丹	俄罗斯	ma jia dan	magadan | 马加丹 magadan majiadan | mjd | 加丹 jiadan 丹 dan | russia | 俄罗斯 russia eluosi | els | 罗斯 luosi 斯 si
201001141	Asia/Makassar	Makassar	Indonesia	Makassar	望加锡	印度尼西亚	wang jia xi	makassar | 望加锡 makassar wangjiaxi | wjx | 加锡 jiaxi 锡 xi | indonesia | 印度尼西亚 indonesia yindunixiya | ydnxy | 度尼西亚 dunixiya 尼西亚 nixiya 西亚 xiya 亚 ya
201000735	Asia/Nicosia	Nicosia	Cyprus	Nicosia	尼科西亚	塞浦路斯	ni ke xi ya	nicosia | 尼科西亚 nicosia nikexiya | nkxy | 科西亚 kexiya 西亚 xiya 亚 ya | cyprus | 塞浦路斯 cyprus saipulusi | spls | 浦路斯 pulusi 路斯 lusi 斯 si
201001142	Asia/Novokuznetsk	Novokuznetsk	Russia	Novokuznetsk	新库兹涅茨克	俄罗斯	xin ku zi nie ci ke	novokuznetsk | 新库兹涅茨克 novokuznetsk xinkuziniecike | xkznck | 库兹涅茨克 kuziniecike 兹涅茨克 ziniecike 涅茨克 niecike 茨克 cike 克 ke | russia | 俄罗斯 russia eluosi | els | 罗斯 luosi 斯 si
201000239	Asia/Novosibirsk	Novosibirsk	Russia	Novosibirsk	新西伯利亚	俄罗斯	xin xi bo li ya	novosibirsk | 新西伯利亚 novosibirsk xinxiboliya | xxbly | 西伯利亚 xiboliya 伯利亚 boliya 利亚 liya 亚 ya | russia | 俄罗斯 russia eluosi | els | 罗斯 luosi 斯 si
201000237	Asia/Omsk	Omsk	Russia	Omsk	鄂木斯克	俄罗斯	e mu si ke	omsk | 鄂木斯克 omsk emusike | emsk | 木斯克 musike 斯克 sike 克 ke | russia | 俄罗斯 russia eluosi | els | 罗斯 luosi 斯 si
201001143	Asia/Oral	Oral	Kazakhstan	Oral	奥拉尔	哈萨克斯坦	ao la er	oral | 奥拉尔 oral aolaer | ale | 拉尔 laer 尔 er | kazakhstan | 哈萨克斯坦 kazakhstan hasakesitan | hskst | 萨克斯坦 sakesitan 克斯坦 kesitan 斯坦 sitan 坦 tan
201001144	Asia/Pontianak	Pontianak	Indonesia	Pontianak	坤甸	印度尼西亚	kun dian	pontianak | 坤甸 pontianak kundian | kd | 甸 dian | indonesia | 印度尼西亚 indonesia yindunixiya | ydnxy | 度尼西亚 dunixiya 尼西亚 nixiya 西亚 xiya 亚 ya
101030100	Asia/Shanghai	Tianjin	China	Tianjin	天津	中国	tian jin	tianjin | 天津 tianjin tianjin | tj | 津 jin | china | 中国 china zhongguo | zg | 国 guo
201001145	Asia/Sakhalin	Yuzhno Sakhalinsk	Russia	Yuzhno Sakhalinsk	南萨哈林斯克	俄罗斯	nan sa ha lin si ke	yuzhno sakhalinsk | 南萨哈林斯克 yuzhno sakhalinsk nansahalinsike | ys | nshlsk | sakhalinsk | 萨哈林斯克 sahalinsike 哈林斯克 halinsike 林斯克 linsike 斯克 sike 克 ke | russia | 俄罗斯 russia eluosi | els | 罗斯 luosi 斯 si
201000435	Asia/Samarkand	Samarkand	Uzbekistan	Samarkand	撒马尔罕	乌兹别克斯坦	sa ma er han	samarkand | 撒马尔罕 samarkand samaerhan | smeh | 马尔罕 maerhan 尔罕 erhan 罕 han | uzbekistan | 乌兹别克斯坦 uzbekistan wuzibiekesitan | wzbkst | 兹别克斯坦 zibiekesitan 别克斯坦 biekesitan 克斯坦 kesitan 斯坦 sitan 坦 tan
201000440	Asia/Tashkent	Tashkent	Uzbekistan	Tashkent	塔什干	乌兹别克斯坦	ta shi gan	tashkent | 塔什干 tashkent tashigan | tsg | 什干 shigan 干 gan | uzbekistan | 乌兹别克斯坦 uzbekistan wuzibiekesitan | wzbkst | 兹别克斯坦 zibiekesitan 别克斯坦 biekesitan 克斯坦 kesitan 斯坦 sitan 坦 tan
201001146	Asia/Tbilisi	Tbilisi	Georgia	Tbilisi	第比利斯	格鲁吉亚	di bi li si	tbilisi | 第比利斯 tbilisi dibilisi | dbls | 比利斯 bilisi 利斯 lisi 斯 si | georgia | 格鲁吉亚 georgia gelujiya | gljy | 鲁吉亚 lujiya 吉亚 jiya 亚 ya
201000900	Asia/Thimbu	Thimphu	Bhutan	Thimphu	廷布	不丹	ting bu	thimphu | 廷布 thimphu tingbu | tb | 布 bu | bhutan | 不丹 bhutan budan | bd | 丹 dan
101130101	Asia/Shanghai	Urumqi	China	Urumqi	乌鲁木齐	中国	wu lu mu qi	urumqi | 乌鲁木齐 urumqi wulumuqi | wlmq | 鲁木齐 lumuqi 木齐 muqi 齐 qi | china | 中国 china zhongguo | zg | 国 guo
201000613	Asia/Vientiane	Vientiane	Laos	Vientiane	万象	老挝	wan xiang	vientiane | 万象 vientiane wanxiang | wx | 象 xiang | laos | 老挝 laos laowo | lw | 挝 wo
201000231	Asia/Vladivostok	Vladivostok	Russia	Vladivostok	海参崴	俄罗斯	hai can wei	vladivostok | 海参崴 vladivostok haicanwei | hcw | 参崴 canwei 崴 wei | russia | 俄罗斯 russia eluosi | els | 罗斯 luosi 斯 si
201001147	Asia/Yakutsk	Yakutsk	Russia	Yakutsk	雅库茨克	俄罗斯	ya ku ci ke	yakutsk | 雅库茨克 yakutsk yakucike | ykck | 库茨克 kucike 茨克 cike 克 ke | russia | 俄罗斯 russia eluosi | els | 罗斯 luosi 斯 si
201000246	Asia/Yekaterinburg	Yekaterinburg	Russia	Yekaterinburg	叶卡捷琳堡	俄罗斯	ye ka jie lin bao	yekaterinburg | 叶卡捷琳堡 yekaterinburg yekajielinbao | ykjlb | 卡捷琳堡 kajielinbao 捷琳堡 jielinbao 琳堡 linbao 堡 bao | russia | 俄罗斯 russia eluosi | els | 罗斯 luosi 斯 si
201000666	Asia/Yerevan	Yerevan	Armenia	Yerevan	埃里温	亚美尼亚	ai li wen	yerevan | 埃里温 yerevan ailiwen | alw | 里温 liwen 温 wen | armenia | 亚美尼亚 armenia yameiniya | ymny | 美尼亚 meiniya 尼亚 niya 亚 ya
201001148	Atlantic/Azores	Ponta Delgada	Portugal	Ponta Delgada	蓬塔德尔加达	葡萄牙	peng ta de er jia da	ponta delgada | 蓬塔德尔加达 ponta delgada pengtadeerjiada | pd | ptdejd | delgada | 塔德尔加达 tadeerjiada 德尔加达 deerjiada 尔加达 erjiada 加达 jiada 达 da | portugal | 葡萄牙 portugal putaoya | pty | 萄牙 taoya 牙 ya
201001149	Atlantic/Madeira	Funchal	Madeira	Funchal	丰沙尔	马德拉	feng sha er	funchal | 丰沙尔 funchal fengshaer | fse | 沙尔 shaer 尔 er | madeira | 马德拉 madeira madela | shaatdc | mdl | 德拉 dela 拉 la
201001150	Atlantic/St_Helena	Jamestown	Saint Helena, Ascension and Tristan da Cunha	Jamestown	詹姆斯敦	圣赫勒拿、阿森松与特里斯坦达库尼亚	zhan mu si dun	jamestown | 詹姆斯敦 jamestown zhanmusidun | zmsd | 姆斯敦 musidun 斯敦 sidun 敦 dun | saint helena, ascension and tristan da cunha | 圣赫勒拿阿森松与特里斯坦达库尼亚 saint helena, ascension and tristan da cunha shenghelenaasensongyutelisitandakuniya | shlnassytlstdkny | helena,ascensionandtristandacunha ascensionandtristandacunha andtristandacunha tristandacunha dacunha cunha | 赫勒拿阿森松与特里斯坦达库尼亚 helenaasensongyutelisitandakuniya 勒拿阿森松与特里斯坦达库尼亚 lenaasensongyutelisitandakuniya 拿阿森松与特里斯坦达库尼亚 naasensongyutelisitandakuniya 阿森松与特里斯坦达库尼亚 asensongyutelisitandakuniya 森松与特里斯坦达库尼亚 sensongyutelisitandakuniya 松与特里斯坦达库尼亚 songyutelisitandakuniya 与特里斯坦达库尼亚 yutelisitandakuniya 特里斯坦达库尼亚 telisitandakuniya 里斯坦达库尼亚 lisitandakuniya 斯坦达库尼亚 sitandakuniya 坦达库尼亚 tandakuniya 达库尼亚 dakuniya 库尼亚 kuniya 尼亚 niya 亚 ya
201001151	Australia/Broken_Hill	Broken Hill	Australia	Broken Hill	布罗肯希尔	澳大利亚	bu luo ken xi er	broken hill | 布罗肯希尔 broken hill buluokenxier | bh | blkxe | hill | 罗肯希尔 luokenxier 肯希尔 kenxier 希尔 xier 尔 er | australia | 澳大利亚 australia aodaliya | adly | 大利亚 daliya 利亚 liya 亚 ya
201001152	Australia/Currie	Currie	Australia	Currie	库利	澳大利亚	ku li	currie | 库利 currie kuli | kl | 利 li | australia | 澳大利亚 australia aodaliya | adly | 大利亚 daliya 利亚 liya 亚 ya
201001153	Australia/Eucla	Eucla	Australia	Eucla	尤克拉	澳大利亚	you ke la	eucla | 尤克拉 eucla youkela | ykl | 克拉 kela 拉 la | australia | 澳大利亚 australia aodaliya | adly | 大利亚 daliya 利亚 liya 亚 ya
201001154	Australia/Hobart	Hobart	Australia	Hobart	霍巴特	澳大利亚	huo ba te	hobart | 霍巴特 hobart huobate | hbt | 巴特 bate 特 te | australia | 澳大利亚 australia aodaliya | adly | 大利亚 daliya 利亚 liya 亚 ya
201001155	Australia/Lindeman	Lindeman Island	Australia	Lindeman Island	林德曼岛	澳大利亚	lin de man dao	lindeman island | 林德曼岛 lindeman island lindemandao | li | ldmd | island | 德曼岛 demandao 曼岛 mandao 岛 dao | australia | 澳大利亚 australia aodaliya | adly | 大利亚 daliya 利亚 liya 亚 ya
201001156	Brazil/DeNoronha	Fernando de Noronha	Brazil	Fernando de Noronha	费尔南多·迪诺罗尼亚群岛	巴西	fei er nan duo di nuo luo ni ya dao	fernando de noronha | 费尔南多迪诺罗尼亚岛 fernando de noronha feiernanduodinuoluoniyadao | fdn | fenddnlnyd | denoronha noronha | 尔南多迪诺罗尼亚岛 ernanduodinuoluoniyadao 南多迪诺罗尼亚岛 nanduodinuoluoniyadao 多迪诺罗尼亚岛 duodinuoluoniyadao 迪诺罗尼亚岛 dinuoluoniyadao 诺罗尼亚岛 nuoluoniyadao 罗尼亚岛 luoniyadao 尼亚岛 niyadao 亚岛 yadao 岛 dao | brazil | 巴西 brazil baxi | bx | 西 xi
201001157	Europe/Kaliningrad	Kaliningrad	Russia	Kaliningrad	加里宁格勒	俄罗斯	jia li ning ge le	kaliningrad | 加里宁格勒 kaliningrad jialininggele | jlngl | 里宁格勒 lininggele 宁格勒 ninggele 格勒 gele 勒 le | russia | 俄罗斯 russia eluosi | els | 罗斯 luosi 斯 si
201000804	Europe/Ljubljana	Ljubljana	Slovenia	Ljubljana	卢布尔雅那	斯洛文尼亚	lu bu er ya na	ljubljana | 卢布尔雅那 ljubljana lubueryana | lbeyn | 布尔雅那 bueryana 尔雅那 eryana 雅那 yana 那 na | slovenia | 斯洛文尼亚 slovenia siluowenniya | slwny | 洛文尼亚 luowenniya 文尼亚 wenniya 尼亚 niya 亚 ya
201001158	Europe/Mariehamn	Mariehamn	Åland Island	Mariehamn	玛丽港	奥兰群岛	ma li gang	mariehamn | 玛丽港 mariehamn maligang | mlg | 丽港 ligang 港 gang | åland island | 奥兰群岛 åland island aolanqundao | åi | alqd | island | 兰群岛 lanqundao 群岛 qundao 岛 dao
201001159	Europe/Podgorica	Podgorica	Montenegro	Podgorica	波德戈里察	黑山	bo de ge li cha	podgorica | 波德戈里察 podgorica bodegelicha | bdglc | 德戈里察 degelicha 戈里察 gelicha 里察 licha 察 cha | montenegro | 黑山 montenegro heishan | hs | 山 shan
201000250	Europe/Samara	Samara	Russia	Samara	萨马拉	俄罗斯	sa ma la	samara | 萨马拉 samara samala | sml | 马拉 mala 拉 la | russia | 俄罗斯 russia eluosi | els | 罗斯 luosi 斯 si
201001160	Europe/Tirane	Tirana	Albania	Tirana	地拉那	阿尔巴尼亚	di la na	tirana | 地拉那 tirana dilana | dln | 拉那 lana 那 na | albania | 阿尔巴尼亚 albania aerbaniya | aebny | 尔巴尼亚 erbaniya 巴尼亚 baniya 尼亚 niya 亚 ya
201001161	Europe/Tiraspol	Tiraspol	Moldova	Tiraspol	蒂拉斯波尔	摩尔多瓦	di la si bo er	tiraspol | 蒂拉斯波尔 tiraspol dilasiboer | dlsbe | 拉斯波尔 lasiboer 斯波尔 siboer 波尔 boer 尔 er | moldova | 摩尔多瓦 moldova moerduowa | medw | 尔多瓦 erduowa 多瓦 duowa 瓦 wa
201001162	Europe/Uzhgorod	Uzhgorod	Ukraine	Uzhgorod	乌日霍罗德	乌克兰	wu ri huo luo de	uzhgorod | 乌日霍罗德 uzhgorod wurihuoluode | wrhld | 日霍罗德 rihuoluode 霍罗德 huoluode 罗德 luode 德 de | ukraine | 乌克兰 ukraine wukelan | wkl | 克兰 kelan 兰 lan
201001163	Europe/Vaduz	Vaduz	Liechtenstein	Vaduz	瓦杜兹	列支敦斯登	wa du zi	vaduz | 瓦杜兹 vaduz waduzi | wdz | 杜兹 duzi 兹 zi | liechtenstein | 列支敦斯登 liechtenstein liezhidunsideng | lzdsd | 支敦斯登 zhidunsideng 敦斯登 dunsideng 斯登 sideng 登 deng
201001164	Europe/Volgograd	Volgograd	Russia	Volgograd	伏尔加格勒	俄罗斯	fu er jia ge le	volgograd | 伏尔加格勒 volgograd fuerjiagele | fejgl | 尔加格勒 erjiagele 加格勒 jiagele 格勒 gele 勒 le | russia | 俄罗斯 russia eluosi | els | 罗斯 luosi 斯 si
201001165	Europe/Zaporozhye	Zaporizhia	Ukraine	Zaporizhia	扎波罗热	乌克兰	zha bo luo re	zaporizhia | 扎波罗热 zaporizhia zhaboluore | zblr | 波罗热 boluore 罗热 luore 热 re | ukraine | 乌克兰 ukraine wukelan | wkl | 克兰 kelan 兰 lan
201001166	Indian/Christmas	Flying Fish Cove	Australia	Flying Fish Cove	飞鱼湾	澳大利亚	fei yu wan	flying fish cove | 飞鱼湾 flying fish cove feiyuwan | ffc | fyw | fishcove cove | 鱼湾 yuwan 湾 wan | australia | 澳大利亚 australia aodaliya | adly | 大利亚 daliya 利亚 liya 亚 ya
201001167	Indian/Cocos	West Island	Australia	West Island	西岛	澳大利亚	xi dao	west island | 西岛 west island xidao | wi | xd | island | 岛 dao | australia | 澳大利亚 australia aodaliya | adly | 大利亚 daliya 利亚 liya 亚 ya
201001168	Indian/Comoro	Moroni	Comoros	Moroni	莫洛尼	科摩罗	mo luo ni	moroni | 莫洛尼 moroni moluoni | mln | 洛尼 luoni 尼 ni | comoros | 科摩罗 comoros kemoluo | kml | 摩罗 moluo 罗 luo
201001169	Indian/Kerguelen	Port-aux-Français	French Southern and Antarctic Lands	Port-aux-Français	法兰西港	法属南部领地	fa lan xi gang	port-aux-français | 法兰西港 port-aux-français falanxigang | paf | flxg | auxfrançais français | 兰西港 lanxigang 西港 xigang 港 gang | french southern and antarctic lands | 法属南部领地 french southern and antarctic lands fashunanbulingdi | fsaal | fsnbld | southernandantarcticlands andantarcticlands antarcticlands lands | 属南部领地 shunanbulingdi 南部领地 nanbulingdi 部领地 bulingdi 领地 lingdi 地 di
201001170	Indian/Mahe	Mahe Island	Seychelles	Mahe Island	马埃岛	塞舌尔	ma ai dao	mahe island | 马埃岛 mahe island maaidao | mi | mad | island | 埃岛 aidao 岛 dao | seychelles | 塞舌尔 seychelles saisheer | sse | 舌尔 sheer 尔 er
201001171	Indian/Mayotte	Mamoudzou	Mayotte	Mamoudzou	马穆楚	马约特岛	ma mu chu	mamoudzou | 马穆楚 mamoudzou mamuchu | mmc | 穆楚 muchu 楚 chu | mayotte | 马约特岛 mayotte mayuetedao | mytd | 约特岛 yuetedao 特岛 tedao 岛 dao
201001172	Indian/Reunion	Saint Denis	Reunion Island	Saint Denis	圣但尼	留尼旺岛	sheng dan ni	saint denis | 圣但尼 saint denis shengdanni | sd | sdn | denis | 但尼 danni 尼 ni | reunion island | 留尼旺岛 reunion island liuniwangdao | ri | lnwd | island | 尼旺岛 niwangdao 旺岛 wangdao 岛 dao
201000869	Pacific/Apia	Apia	Samoa	Apia	阿皮亚	萨摩亚	a pi ya	apia | 阿皮亚 apia apiya | apy | 皮亚 piya 亚 ya | samoa | 萨摩亚 samoa samoya | smy | 摩亚 moya 亚 ya
201001173	Pacific/Chatham	Chatham Island	New Zealand	Chatham Island	查塔姆岛	新西兰	cha ta mu dao	chatham island | 查塔姆岛 chatham island chatamudao | ci | ctmd | island | 塔姆岛 tamudao 姆岛 mudao 岛 dao | new zealand | 新西兰 new zealand xinxilan | nz | xxl | zealand | 西兰 xilan 兰 lan
201001174	Pacific/Chuuk	Chuuk	Micronesia	Chuuk	楚克	密克罗尼西亚	chu ke	chuuk | 楚克 chuuk chuke | ck | 克 ke | micronesia | 密克罗尼西亚 micronesia mikeluonixiya | mklnxy | 克罗尼西亚 keluonixiya 罗尼西亚 luonixiya 尼西亚 nixiya 西亚 xiya 亚 ya
201001175	Pacific/Efate	Efate	Vanuatu	Efate	埃法特岛	瓦努阿图	ai fa te dao	efate | 埃法特岛 efate aifatedao | aftd | 法特岛 fatedao 特岛 tedao 岛 dao | vanuatu | 瓦努阿图 vanuatu wanuatu | wnat | 努阿图 nuatu 阿图 atu 图 tu
201001176	Pacific/Enderbury	Enderbury Island	Kiribati	Enderbury Island	恩德伯里岛	基里巴斯	en de bo li dao	enderbury island | 恩德伯里岛 enderbury island endebolidao | ei | edbld | island | 德伯里岛 debolidao 伯里岛 bolidao 里岛 lidao 岛 dao | kiribati | 基里巴斯 kiribati jilibasi | jlbs | 里巴斯 libasi 巴斯 basi 斯 si
201001177	Pacific/Fakaofo	Fakaofo	Tokelau	Fakaofo	法考福环礁	托克劳	fa kao fu huan jiao	fakaofo | 法考福环礁 fakaofo fakaofuhuanjiao | fkfhj | 考福环礁 kaofuhuanjiao 福环礁 fuhuanjiao 环礁 huanjiao 礁 jiao | tokelau | 托克劳 tokelau tuokelao | tkl | 克劳 kelao 劳 lao
201001178	Pacific/Funafuti	Funafuti	Tuvalu	Funafuti	富纳富提	图瓦卢	fu na fu ti	funafuti | 富纳富提 funafuti funafuti | fnft | 纳富提 nafuti 富提 futi 提 ti | tuvalu | 图瓦卢 tuvalu tuwalu | twl | 瓦卢 walu 卢 lu
201001179	Pacific/Galapagos	Galapagos Islands	Ecuador	Galapagos Islands	加拉帕戈斯群岛	厄瓜多尔	jia la pa ge si qun dao	galapagos islands | 加拉帕戈斯群岛 galapagos islands jialapagesiqundao | gi | jlpgsqd | islands | 拉帕戈斯群岛 lapagesiqundao 帕戈斯群岛 pagesiqundao 戈斯群岛 gesiqundao 斯群岛 siqundao 群岛 qundao 岛 dao | ecuador | 厄瓜多尔 ecuador eguaduoer | egde | 瓜多尔 guaduoer 多尔 duoer 尔 er
201001180	Pacific/Gambier	Gambier Islands	French Polynesia	Gambier Islands	甘比尔群岛	法属波利尼西亚	gan bi er qun dao	gambier islands | 甘比尔群岛 gambier islands ganbierqundao | gi | gbeqd | islands | 比尔群岛 bierqundao 尔群岛 erqundao 群岛 qundao 岛 dao | french polynesia | 法属波利尼西亚 french polynesia fashubolinixiya | fp | fsblnxy | polynesia | 属波利尼西亚 shubolinixiya 波利尼西亚 bolinixiya 利尼西亚 linixiya 尼西亚 nixiya 西亚 xiya 亚 ya
201001181	Pacific/Guadalcanal	Guadalcanal	Solomon Islands	Guadalcanal	瓜达尔卡纳尔岛	所罗门群岛	gua da er ka na er dao	guadalcanal | 瓜达尔卡纳尔岛 guadalcanal guadaerkanaerdao | gdekned | 达尔卡纳尔岛 daerkanaerdao 尔卡纳尔岛 erkanaerdao 卡纳尔岛 kanaerdao 纳尔岛 naerdao 尔岛 erdao 岛 dao | solomon islands | 所罗门群岛 solomon islands suoluomenqundao | si | slmqd | islands | 罗门群岛 luomenqundao 门群岛 menqundao 群岛 qundao 岛 dao
201001182	Pacific/Johnston	Johnston Atoll	United States	Johnston Atoll	约翰斯顿环礁	美国	yue han si dun huan jiao	johnston atoll | 约翰斯顿环礁 johnston atoll yuehansidunhuanjiao | ja | yhsdhj | atoll | 翰斯顿环礁 hansidunhuanjiao 斯顿环礁 sidunhuanjiao 顿环礁 dunhuanjiao 环礁 huanjiao 礁 jiao | united states | 美国 united states meiguo | us | mg | states | 国 guo
201001183	Pacific/Kosrae	Kosrae	Micronesia	Kosrae	科斯雷	密克罗尼西亚	ke si lei	kosrae | 科斯雷 kosrae kesilei | ksl | 斯雷 silei 雷 lei | micronesia | 密克罗尼西亚 micronesia mikeluonixiya | mklnxy | 克罗尼西亚 keluonixiya 罗尼西亚 luonixiya 尼西亚 nixiya 西亚 xiya 亚 ya
201001184	Pacific/Kwajalein	Kwajalein Atoll	Marshall Islands	Kwajalein Atoll	瓜加林环礁	马绍尔群岛	gua jia lin huan jiao	kwajalein atoll | 瓜加林环礁 kwajalein atoll guajialinhuanjiao | ka | gjlhj | atoll | 加林环礁 jialinhuanjiao 林环礁 linhuanjiao 环礁 huanjiao 礁 jiao | marshall islands | 马绍尔群岛 marshall islands mashaoerqundao | mi | mseqd | islands | 绍尔群岛 shaoerqundao 尔群岛 erqundao 群岛 qundao 岛 dao
201000891	Pacific/Majuro	Majuro	Marshall Islands	Majuro	马朱罗	马绍尔群岛	ma zhu luo	majuro | 马朱罗 majuro mazhuluo | mzl | 朱罗 zhuluo 罗 luo | marshall islands | 马绍尔群岛 marshall islands mashaoerqundao | mi | mseqd | islands | 绍尔群岛 shaoerqundao 尔群岛 erqundao 群岛 qundao 岛 dao
201001185	Pacific/Marquesas	Marquesas	French Polynesia	Marquesas	马克萨斯群岛	法属波利尼西亚	ma ke sa si qun dao	marquesas | 马克萨斯群岛 marquesas makesasiqundao | mkssqd | 克萨斯群岛 kesasiqundao 萨斯群岛 sasiqundao 斯群岛 siqundao 群岛 qundao 岛 dao | french polynesia | 法属波利尼西亚 french polynesia fashubolinixiya | fp | fsblnxy | polynesia | 属波利尼西亚 shubolinixiya 波利尼西亚 bolinixiya 利尼西亚 linixiya 尼西亚 nixiya 西亚 xiya 亚 ya
201001186	Pacific/Niue	Alofi	Niue	Alofi	阿洛菲	纽埃	a luo fei	alofi | 阿洛菲 alofi aluofei | alf | 洛菲 luofei 菲 fei | niue | 纽埃 niue niuai | na | 埃 ai
201001187	Pacific/Norfolk	Norfolk Island	Australia	Norfolk Island	诺福克岛	澳大利亚	nuo fu ke dao	norfolk island | 诺福克岛 norfolk island nuofukedao | ni | nfkd | island | 福克岛 fukedao 克岛 kedao 岛 dao | australia | 澳大利亚 australia aodaliya | adly | 大利亚 daliya 利亚 liya 亚 ya
201001188	Pacific/Pago_Pago	Pago Pago	American Samoa	Pago Pago	帕果-帕果	美属萨摩亚	pa guo pa guo	pago pago | 帕果帕果 pago pago paguopaguo | pp | pgpg | pago | 果帕果 guopaguo 帕果 paguo 果 guo | american samoa | 美属萨摩亚 american samoa meishusamoya | as | mssmy | samoa | 属萨摩亚 shusamoya 萨摩亚 samoya 摩亚 moya 亚 ya
201001189	Pacific/Palau	Koror	Palau	Koror	科罗尔	帕劳	ke luo er	koror | 科罗尔 koror keluoer | kle | 罗尔 luoer 尔 er | palau | 帕劳 palau palao | pl | 劳 lao
201001190	Pacific/Palau	Melekeok	Palau	Melekeok	梅莱凯奥克	帕劳	mei lai kai ao ke	melekeok | 梅莱凯奥克 melekeok meilaikaiaoke | mlkak | 莱凯奥克 laikaiaoke 凯奥克 kaiaoke 奥克 aoke 克 ke | palau | 帕劳 palau palao | pl | 劳 lao
201001191	Pacific/Pitcairn	Adamstown	Pitcairn Islands	Adamstown	亚当斯敦	皮特凯恩群岛	ya dang si dun	adamstown | 亚当斯敦 adamstown yadangsidun | ydsd | 当斯敦 dangsidun 斯敦 sidun 敦 dun | pitcairn islands | 皮特凯恩群岛 pitcairn islands pitekaienqundao | pi | ptkeqd | islands | 特凯恩群岛 tekaienqundao 凯恩群岛 kaienqundao 恩群岛 enqundao 群岛 qundao 岛 dao
201001192	Pacific/Pohnpei	Pohnpei	Micronesia	Pohnpei	波纳佩	密克罗尼西亚	bo na pei	pohnpei | 波纳佩 pohnpei bonapei | bnp | 纳佩 napei 佩 pei | micronesia | 密克罗尼西亚 micronesia mikeluonixiya | mklnxy | 克罗尼西亚 keluonixiya 罗尼西亚 luonixiya 尼西亚 nixiya 西亚 xiya 亚 ya
201000769	Pacific/Port_Moresby	Port Moresby	Papua New Guinea	Port Moresby	莫尔兹比港	巴布亚新几内亚	mo er zi bi gang	port moresby | 莫尔兹比港 port moresby moerzibigang | pm | mezbg | moresby | 尔兹比港 erzibigang 兹比港 zibigang 比港 bigang 港 gang | papua new guinea | 巴布亚新几内亚 papua new guinea babuyaxinjineiya | png | bbyxjny | newguinea guinea | 布亚新几内亚 buyaxinjineiya 亚新几内亚 yaxinjineiya 新几内亚 xinjineiya 几内亚 jineiya 内亚 neiya 亚 ya
201001193	Pacific/Rarotonga	Rarotonga	Cook Islands	Rarotonga	拉罗汤加	库克群岛	la luo tang jia	rarotonga | 拉罗汤加 rarotonga laluotangjia | lltj | 罗汤加 luotangjia 汤加 tangjia 加 jia | cook islands | 库克群岛 cook islands kukequndao | ci | kkqd | islands | 克群岛 kequndao 群岛 qundao 岛 dao
201001194	Pacific/Saipan	Saipan	Northern Mariana Islands	Saipan	塞班岛	北马里亚纳群岛	sai ban dao	saipan | 塞班岛 saipan saibandao | sbd | 班岛 bandao 岛 dao | northern mariana islands | 北马里亚纳群岛 northern mariana islands beimaliyanaqundao | nmi | bmlynqd | marianaislands islands | 马里亚纳群岛 maliyanaqundao 里亚纳群岛 liyanaqundao 亚纳群岛 yanaqundao 纳群岛 naqundao 群岛 qundao 岛 dao
201001195	Pacific/Tarawa	Tarawa	Kiribati	Tarawa	塔拉瓦	基里巴斯	ta la wa	tarawa | 塔拉瓦 tarawa talawa | tlw | 拉瓦 lawa 瓦 wa | kiribati | 基里巴斯 kiribati jilibasi | jlbs | 里巴斯 libasi 巴斯 basi 斯 si
201000822	Pacific/Tongatapu	Nuku'alofa	Tonga	Nuku'alofa	努库阿洛法	汤加	nu ku a luo fa	nuku'alofa | 努库阿洛法 nuku'alofa nukualuofa | nkalf | 库阿洛法 kualuofa 阿洛法 aluofa 洛法 luofa 法 fa | tonga | 汤加 tonga tangjia | tj | 加 jia
201001196	Pacific/Wallis	Mata-Utu	Wallis and Futuna	Mata-Utu	马塔乌图	瓦利斯群岛和富图纳群岛	ma ta wu tu	mata-utu | 马塔乌图 mata-utu matawutu | mu | mtwt | utu | 塔乌图 tawutu 乌图 wutu 图 tu | wallis and futuna | 瓦利斯群岛和富图纳群岛 wallis and futuna walisiqundaohefutunaqundao | waf | wlsqdhftnqd | andfutuna futuna | 利斯群岛和富图纳群岛 lisiqundaohefutunaqundao 斯群岛和富图纳群岛 siqundaohefutunaqundao 群岛和富图纳群岛 qundaohefutunaqundao 岛和富图纳群岛 daohefutunaqundao 和富图纳群岛 hefutunaqundao 富图纳群岛 futunaqundao 图纳群岛 tunaqundao 纳群岛 naqundao 群岛 qundao 岛 dao
201000252	W-SU	St. Petersburg	Russia	St. Petersburg	圣彼得堡	俄罗斯	sheng bi de bao	st. petersburg | 圣彼得堡 st. petersburg shengbidebao | sp | sbdb | petersburg | 彼得堡 bidebao 得堡 debao 堡 bao | russia | 俄罗斯 russia eluosi | els | 罗斯 luosi 斯 si
201000829	WET	Tórshavn	Faroe Islands	Tórshavn	托尔斯港	法罗群岛	tuo er si gang	tórshavn | 托尔斯港 tórshavn tuoersigang | tesg | 尔斯港 ersigang 斯港 sigang 港 gang | faroe islands | 法罗群岛 faroe islands faluoqundao | fi | flqd | islands | 罗群岛 luoqundao 群岛 qundao 岛 dao
201000555	WET	Cork	Ireland	Cork	科克	爱尔兰	ke ke	cork | 科克 cork keke | kk | 克 ke | ireland | 爱尔兰 ireland aierlan | ael | 尔兰 erlan 兰 lan
201001197	America/New_York	Acton	United States	Acton	阿克顿	美国	a ke dun	acton | 阿克顿 acton akedun | akd | 克顿 kedun 顿 dun | united states | 美国 united states meiguo | us | mg | states | 国 guo
201000655	Asia/Dubai	Abu Dhabi	U.A.E	Abu Dhabi	阿布扎比	阿联酋	a bu zha bi	abu dhabi | 阿布扎比 abu dhabi abuzhabi | ad | abzb | dhabi | 布扎比 buzhabi 扎比 zhabi 比 bi | u.a.e | 阿联酋 u.a.e alianqiu | alq | 联酋 lianqiu 酋 qiu
201001198	America/Adak	Adak	United States	Adak	埃达克	美国	ai da ke	adak | 埃达克 adak aidake | adk | 达克 dake 克 ke | united states | 美国 united states meiguo | us | mg | states | 国 guo
201001199	Africa/Cairo	Alexandria	Egypt	Alexandria	亚历山大港	埃及	ya li shan da gang	alexandria | 亚历山大港 alexandria yalishandagang | ylsdg | 历山大港 lishandagang 山大港 shandagang 大港 dagang 港 gang | egypt | 埃及 egypt aiji | aj | 及 ji
201001034	Pacific/Auckland	Amundsen-Scott Station	Antarctic	Amundsen-Scott Station	阿蒙森-斯科特南极站	南极	a meng sen si ke te nan ji zhan	amundsen-scott station | 阿蒙森斯科特南极站 amundsen-scott station amengsensiketenanjizhan | ass | amssktnjz | scottstation station | 蒙森斯科特南极站 mengsensiketenanjizhan 森斯科特南极站 sensiketenanjizhan 斯科特南极站 siketenanjizhan 科特南极站 ketenanjizhan 特南极站 tenanjizhan 南极站 nanjizhan 极站 jizhan 站 zhan | antarctic | 南极 antarctic nanji | nj | 极 ji
201000520	Europe/Brussels	Antwerp	Belgium	Antwerp	安特卫普	比利时	an te wei pu	antwerp | 安特卫普 antwerp anteweipu | atwp | 特卫普 teweipu 卫普 weipu 普 pu | belgium | 比利时 belgium bilishi | bls | 利时 lishi 时 shi
201000474	Asia/Almaty	Astana	Kazakhstan	Astana	阿斯塔纳	哈萨克斯坦	a si ta na	astana | 阿斯塔纳 astana asitana | astn | 斯塔纳 sitana 塔纳 tana 纳 na | kazakhstan | 哈萨克斯坦 kazakhstan hasakesitan | hskst | 萨克斯坦 sakesitan 克斯坦 kesitan 斯坦 sitan 坦 tan
201001201	America/Blanc-Sablon	Basse-Terre	Guadeloupe	Basse-Terre	巴斯特尔	瓜德罗普	ba si te er	basse-terre | 巴斯特尔 basse-terre basiteer | bt | bste | terre | 斯特尔 siteer 特尔 teer 尔 er | guadeloupe | 瓜德罗普 guadeloupe guadeluopu | gdlp | 德罗普 deluopu 罗普 luopu 普 pu
201000277	Europe/Rome	Bari	Italy	Bari	巴里	意大利	ba li	bari | 巴里 bari bali | bl | 里 li | italy | 意大利 italy yidali | ydl | 大利 dali 利 li
201001202	America/St_Kitts	Basseterre	Saint Kitts and Nevis	Basseterre	巴斯特尔	圣基茨和尼维斯	ba si te er	basseterre | 巴斯特尔 basseterre basiteer | bste | 斯特尔 siteer 特尔 teer 尔 er | saint kitts and nevis | 圣基茨和尼维斯 saint kitts and nevis shengjiciheniweisi | skan | sjchnws | kittsandnevis andnevis nevis | 基茨和尼维斯 jiciheniweisi 茨和尼维斯 ciheniweisi 和尼维斯 heniweisi 尼维斯 niweisi 维斯 weisi 斯 si
201001203	America/Los_Angeles	Benicia	United States	Benicia	贝尼西亚	美国	bei ni xi ya	benicia | 贝尼西亚 benicia beinixiya | bnxy | 尼西亚 nixiya 西亚 xiya 亚 ya | united states | 美国 united states meiguo | us | mg | states | 国 guo
201001204	America/Los_Angeles	Berkeley	United States	Berkeley	伯克利	美国	bo ke li	berkeley | 伯克利 berkeley bokeli | bkl | 克利 keli 利 li | united states | 美国 united states meiguo | us | mg | states | 国 guo
201001205	America/New_York	Berkeley Heights	United States	Berkeley Heights	伯克利海茨	美国	bo ke li hai ci	berkeley heights | 伯克利海茨 berkeley heights bokelihaici | bh | bklhc | heights | 克利海茨 kelihaici 利海茨 lihaici 海茨 haici 茨 ci | united states | 美国 united states meiguo | us | mg | states | 国 guo
201000573	Europe/Zurich	Bern	Switzerland	Bern	伯尔尼	瑞士	bo er ni	bern | 伯尔尼 bern boerni | ben | 尔尼 erni 尼 ni | switzerland | 瑞士 switzerland ruishi | rs | 士 shi
201001206	America/New_York	Blacksburg	United States	Blacksburg	布莱克斯堡	美国	bu lai ke si bao	blacksburg | 布莱克斯堡 blacksburg bulaikesibao | blksb | 莱克斯堡 laikesibao 克斯堡 kesibao 斯堡 sibao 堡 bao | united states | 美国 united states meiguo | us | mg | states | 国 guo
201001207	Europe/Rome	Bologna	Italy	Bologna	博洛尼亚	意大利	bo luo ni ya	bologna | 博洛尼亚 bologna boluoniya | blny | 洛尼亚 luoniya 尼亚 niya 亚 ya | italy | 意大利 italy yidali | ydl | 大利 dali 利 li
201000767	America/Barbados	Bridgetown	Barbados	Bridgetown	布里奇顿	巴巴多斯	bu li qi dun	bridgetown | 布里奇顿 bridgetown buliqidun | blqd | 里奇顿 liqidun 奇顿 qidun 顿 dun | barbados | 巴巴多斯 barbados babaduosi | bbds | 巴多斯 baduosi 多斯 duosi 斯 si
201001208	America/Los_Angeles	Burlingame	United States	Burlingame	柏林盖姆	美国	bo lin gai mu	burlingame | 柏林盖姆 burlingame bolingaimu | blgm | 林盖姆 lingaimu 盖姆 gaimu 姆 mu | united states | 美国 united states meiguo | us | mg | states | 国 guo
201001209	Europe/London	Cardiff	Wales	Cardiff	加迪夫	威尔士	jia di fu	cardiff | 加迪夫 cardiff jiadifu | jdf | 迪夫 difu 夫 fu | wales | 威尔士 wales weiershi | wes | 尔士 ershi 士 shi
201001210	America/St_Lucia	Castries	Saint Lucia	Castries	卡斯特里	圣卢西亚岛	ka si te li	castries | 卡斯特里 castries kasiteli | kstl | 斯特里 siteli 特里 teli 里 li | saint lucia | 圣卢西亚岛 saint lucia shengluxiyadao | sl | slxyd | lucia | 卢西亚岛 luxiyadao 西亚岛 xiyadao 亚岛 yadao 岛 dao
201001211	Europe/Rome	Catanzaro	Italy	Catanzaro	卡坦扎罗	意大利	ka tan zha luo	catanzaro | 卡坦扎罗 catanzaro katanzhaluo | ktzl | 坦扎罗 tanzhaluo 扎罗 zhaluo 罗 luo | italy | 意大利 italy yidali | ydl | 大利 dali 利 li
201000063	America/New_York	Charlotte	United States	Charlotte	夏洛特	美国	xia luo te	charlotte | 夏洛特 charlotte xialuote | xlt | 洛特 luote 特 te | united states | 美国 united states meiguo | us | mg | states | 国 guo
201001212	America/St_Thomas	Charlotte Amalie	U.S. Virgin Islands	Charlotte Amalie	夏洛特阿马利亚	美属维尔京群岛	xia luo te a ma li ya	charlotte amalie | 夏洛特阿马利亚 charlotte amalie xialuoteamaliya | ca | xltamly | amalie | 洛特阿马利亚 luoteamaliya 特阿马利亚 teamaliya 阿马利亚 amaliya 马利亚 maliya 利亚 liya 亚 ya | u.s. virgin islands | 美属维尔京群岛 u.s. virgin islands meishuweierjingqundao | uvi | mswejqd | virginislands islands | 属维尔京群岛 shuweierjingqundao 维尔京群岛 weierjingqundao 尔京群岛 erjingqundao 京群岛 jingqundao 群岛 qundao 岛 dao
101270101	Asia/Chongqing	Chengdu	China	Chengdu	成都	中国	cheng du	chengdu | 成都 chengdu chengdu | cd | 都 du | china | 中国 china zhongguo | zg | 国 guo
201000374	Asia/Kolkata	Chennai	India	Chennai	金奈	印度	jin nai	chennai | 金奈 chennai jinnai | jn | 奈 nai | india | 印度 india yindu | yd | 度 du
201000546	Asia/Bangkok	Chiang Mai	Thailand	Chiang Mai	清迈	泰国	qing mai	chiang mai | 清迈 chiang mai qingmai | cm | qm | mai | 迈 mai | thailand | 泰国 thailand taiguo | tg | 国 guo
201001213	Asia/Yakutsk	Chita	Russia	Chita	赤塔	俄罗斯	chi ta	chita | 赤塔 chita chita | ct | 塔 ta | russia | 俄罗斯 russia eluosi | els | 罗斯 luosi 斯 si
201001214	America/Grand_Turk	Cockburn Town	Turks and Caicos Islands	Cockburn Town	科伯恩城	特克斯和凯科斯群岛	ke bo en cheng	cockburn town | 科伯恩城 cockburn town keboencheng | ct | kbec | town | 伯恩城 boencheng 恩城 encheng 城 cheng | turks and caicos islands | 特克斯和凯科斯群岛 turks and caicos islands tekesihekaikesiqundao | taci | tkshkksqd | andcaicosislands caicosislands islands | 克斯和凯科斯群岛 kesihekaikesiqundao 斯和凯科斯群岛 sihekaikesiqundao 和凯科斯群岛 hekaikesiqundao 凯科斯群岛 kaikesiqundao 科斯群岛 kesiqundao 斯群岛 siqundao 群岛 qundao 岛 dao
201001215	Europe/Rome	Crotone	Italy	Crotone	克罗托内	意大利	ke luo tuo nei	crotone | 克罗托内 crotone keluotuonei | kltn | 罗托内 luotuonei 托内 tuonei 内 nei | italy | 意大利 italy yidali | ydl | 大利 dali 利 li
201001216	PST8PDT	Cupertino	United States	Cupertino	库比蒂诺	美国	ku bi di nuo	cupertino | 库比蒂诺 cupertino kubidinuo | kbdn | 比蒂诺 bidinuo 蒂诺 dinuo 诺 nuo | united states | 美国 united states meiguo | us | mg | states | 国 guo
201001217	America/Los_Angeles	Daly City	United States	Daly City	戴利城	美国	dai li cheng	daly city | 戴利城 daly city dailicheng | dc | dlc | city | 利城 licheng 城 cheng | united states | 美国 united states meiguo | us | mg | states | 国 guo
201001218	America/New_York	Decatur	United States	Decatur	迪凯特	美国	di kai te	decatur | 迪凯特 decatur dikaite | dkt | 凯特 kaite 特 te | united states | 美国 united states meiguo | us | mg | states | 国 guo
201001219	Indian/Chagos	Diego Garcia	British Indian Ocean Territory	Diego Garcia	迭戈加西亚岛	英属印度洋领地	die ge jia xi ya dao	diego garcia | 迭戈加西亚岛 diego garcia diegejiaxiyadao | dg | dgjxyd | garcia | 戈加西亚岛 gejiaxiyadao 加西亚岛 jiaxiyadao 西亚岛 xiyadao 亚岛 yadao 岛 dao | british indian ocean territory | 英属印度洋领地 british indian ocean territory yingshuyinduyanglingdi | biot | ysydyld | indianoceanterritory oceanterritory territory | 属印度洋领地 shuyinduyanglingdi 印度洋领地 yinduyanglingdi 度洋领地 duyanglingdi 洋领地 yanglingdi 领地 lingdi 地 di
201001220	Europe/London	Douglas	Isle of Man	Douglas	道格拉斯	马恩岛	dao ge la si	douglas | 道格拉斯 douglas daogelasi | dgls | 格拉斯 gelasi 拉斯 lasi 斯 si | isle of man | 马恩岛 isle of man maendao | iom | med | ofman man | 恩岛 endao 岛 dao
201001221	Europe/London	Edinburgh	Scotland	Edinburgh	爱丁堡	苏格兰	ai ding bao	edinburgh | 爱丁堡 edinburgh aidingbao | adb | 丁堡 dingbao 堡 bao | scotland | 苏格兰 scotland sugelan | sgl | 格兰 gelan 兰 lan
201001222	America/Denver	El Paso	United States	El Paso	厄尔巴索	美国	e er ba suo	el paso | 厄尔巴索 el paso eerbasuo | ep | eebs | paso | 尔巴索 erbasuo 巴索 basuo 索 suo | united states | 美国 united states meiguo | us | mg | states | 国 guo
201000282	Europe/Rome	Florence	Italy	Florence	佛罗伦萨	意大利	fo luo lun sa	florence | 佛罗伦萨 florence foluolunsa | flls | 罗伦萨 luolunsa 伦萨 lunsa 萨 sa | italy | 意大利 italy yidali | ydl | 大利 dali 利 li
201001223	America/Dawson_Creek	Fort St. John	Canada	Fort St. John	圣约翰堡	加拿大	sheng yue han bao	fort st. john | 圣约翰堡 fort st. john shengyuehanbao | fsj | syhb | st.john john | 约翰堡 yuehanbao 翰堡 hanbao 堡 bao | canada | 加拿大 canada jianada | jnd | 拿大 nada 大 da
201001224	America/Martinique	Fort-de-France	Martinique	Fort-de-France	法兰西堡	马提尼克	fa lan xi bao	fort-de-france | 法兰西堡 fort-de-france falanxibao | fdf | flxb | defrance france | 兰西堡 lanxibao 西堡 xibao 堡 bao | martinique | 马提尼克 martinique matinike | mtnk | states | 提尼克 tinike 尼克 nike 克 ke
201001225	America/Los_Angeles	Foster City	United States	Foster City	福斯特市	美国	fu si te shi	foster city | 福斯特市 foster city fusiteshi | fc | fsts | city | 斯特市 siteshi 特市 teshi 市 shi | united states | 美国 united states meiguo | us | mg | states | 国 guo
201001226	America/Los_Angeles	Fremont	United States	Fremont	菲蒙市	美国	fei meng shi	fremont | 菲蒙市 fremont feimengshi | fms | 蒙市 mengshi 市 shi | united states | 美国 united states meiguo | us | mg | 国 guo
201000576	Europe/Zurich	Geneva	Switzerland	Geneva	日内瓦	瑞士	ri nei wa	geneva | 日内瓦 geneva rineiwa | rnw | 内瓦 neiwa 瓦 wa | switzerland | 瑞士 switzerland ruishi | rs | 士 shi
201000286	Europe/Rome	Genoa	Italy	Genoa	热那亚	意大利	re na ya	genoa | 热那亚 genoa renaya | rny | 那亚 naya 亚 ya | italy | 意大利 italy yidali | ydl | 大利 dali 利 li
201001227	America/Cayman	Georgetown	Guyana	Georgetown	乔治城	圭亚那	qiao zhi cheng	georgetown | 乔治城 georgetown qiaozhicheng | qzc | 治城 zhicheng 城 cheng | guyana | 圭亚那 guyana guiyana | gyn | island | 亚那 yana 那 na
201001228	America/Nassau	George Town	Cayman Island	George Town	乔治城	开曼群岛	qiao zhi cheng	george town | 乔治城 george town qiaozhicheng | gt | qzc | town | 治城 zhicheng 城 cheng | cayman island | 开曼群岛 cayman island kaimanqundao | ci | kmqd | 曼群岛 manqundao 群岛 qundao 岛 dao
201000563	Europe/Stockholm	Gothenburg	Sweden	Gothenburg	哥德堡	瑞典	ge de bao	gothenburg | 哥德堡 gothenburg gedebao | gdb | 德堡 debao 堡 bao | sweden | 瑞典 sweden ruidian | rd | georgiaandthesouthsandwichislands andthesouthsandwichislands thesouthsandwichislands southsandwichislands sandwichislands islands | 典 dian
201001229	Atlantic/South_Georgia	Grytviken	South Georgia and the South Sandwich Islands	Grytviken	古利德维肯	南乔治亚岛和南桑威奇群岛	gu li de wei ken	grytviken | 古利德维肯 grytviken gulideweiken | gldwk | 利德维肯 lideweiken 德维肯 deweiken 维肯 weiken 肯 ken | south georgia and the south sandwich islands | 南乔治亚岛和南桑威奇群岛 south georgia and the south sandwich islands nanqiaozhiyadaohenansangweiqiqundao | sgatssi | nqzydhnswqqd | barthelemy | 乔治亚岛和南桑威奇群岛 qiaozhiyadaohenansangweiqiqundao 治亚岛和南桑威奇群岛 zhiyadaohenansangweiqiqundao 亚岛和南桑威奇群岛 yadaohenansangweiqiqundao 岛和南桑威奇群岛 daohenansangweiqiqundao 和南桑威奇群岛 henansangweiqiqundao 南桑威奇群岛 nansangweiqiqundao 桑威奇群岛 sangweiqiqundao 威奇群岛 weiqiqundao 奇群岛 qiqundao 群岛 qundao 岛 dao
201001230	America/Guadeloupe	Gustavia	Saint Barthelemy	Gustavia	古斯塔维亚	圣巴瑟米	gu si ta wei ya	gustavia | 古斯塔维亚 gustavia gusitaweiya | gstwy | 斯塔维亚 sitaweiya 塔维亚 taweiya 维亚 weiya 亚 ya | saint barthelemy | 圣巴瑟米 saint barthelemy shengbasemi | sb | sbsm | 巴瑟米 basemi 瑟米 semi 米 mi
201000268	Europe/Berlin	Hamburg	Germany	Hamburg	汉堡	德国	han bao	hamburg | 汉堡 hamburg hanbao | hb | 堡 bao | germany | 德国 germany deguo | dg | 国 guo
201001231	Atlantic/Bermuda	Hamilton	Bermuda	Hamilton	哈密尔顿	百慕大	ha mi er dun	hamilton | 哈密尔顿 hamilton hamierdun | hmed | 密尔顿 mierdun 尔顿 erdun 顿 dun | bermuda | 百慕大 bermuda baimuda | bmd | 慕大 muda 大 da
201001232	America/Goose_Bay	Happy Valley-Goose Bay	Canada	Happy Valley-Goose Bay	古斯贝	加拿大	gu si bei	happy valley-goose bay | 古斯贝 happy valley-goose bay gusibei | hvgb | gsb | valleygoosebay goosebay bay | 斯贝 sibei 贝 bei | canada | 加拿大 canada jianada | jnd | states | 拿大 nada 大 da
201001233	America/Los_Angeles	Healdsburg	United States	Healdsburg	希尔兹堡	美国	xi er zi bao	healdsburg | 希尔兹堡 healdsburg xierzibao | xezb | 尔兹堡 erzibao 兹堡 zibao 堡 bao | united states | 美国 united states meiguo | us | mg | 国 guo
101220101	Asia/Chongqing	Hefei	China	Hefei	合肥	中国	he fei	hefei | 合肥 hefei hefei | hf | 肥 fei | china | 中国 china zhongguo | zg | 国 guo
201001234	Europe/Athens	Heraklion	Greece	Heraklion	伊拉克里翁	希腊	yi la ke li weng	heraklion | 伊拉克里翁 heraklion yilakeliweng | ylklw | 拉克里翁 lakeliweng 克里翁 keliweng 里翁 liweng 翁 weng | greece | 希腊 greece xila | xl | islands | 腊 la
201000780	Pacific/Guadalcanal	Honiara	Solomon Islands	Honiara	霍尼亚拉	所罗门群岛	huo ni ya la	honiara | 霍尼亚拉 honiara huoniyala | hnyl | 尼亚拉 niyala 亚拉 yala 拉 la | solomon islands | 所罗门群岛 solomon islands suoluomenqundao | si | slmqd | 罗门群岛 luomenqundao 门群岛 menqundao 群岛 qundao 岛 dao
201001235	Pacific/Kiritimati	Kanton Island	Kiribati	Kanton Island	阿巴里灵阿环礁	基里巴斯	a ba li ling a huan jiao	kanton island | 阿巴里灵阿环礁 kanton island abalilingahuanjiao | ki | abllahj | island | 巴里灵阿环礁 balilingahuanjiao 里灵阿环礁 lilingahuanjiao 灵阿环礁 lingahuanjiao 阿环礁 ahuanjiao 环礁 huanjiao 礁 jiao | kiribati | 基里巴斯 kiribati jilibasi | jlbs | 里巴斯 libasi 巴斯 basi 斯 si
201000357	Asia/Kolkata	Kolkata	India	Kolkata	加尔各答	印度	jia er ge da	kolkata | 加尔各答 kolkata jiaergeda | jegd | 尔各答 ergeda 各答 geda 答 da | india | 印度 india yindu | yd | 度 du
201001236	Europe/Warsaw	Krakow	Poland	Krakow	克拉科夫	波兰	ke la ke fu	krakow | 克拉科夫 krakow kelakefu | klkf | 拉科夫 lakefu 科夫 kefu 夫 fu | poland | 波兰 poland bolan | bl | 兰 lan
201001237	Asia/Qyzylorda	Kyzylorda	Kazakhstan	Kyzylorda	克孜勒奥尔达	哈萨克斯坦	ke zi le ao er da	kyzylorda | 克孜勒奥尔达 kyzylorda kezileaoerda | kzlaed | 孜勒奥尔达 zileaoerda 勒奥尔达 leaoerda 奥尔达 aoerda 尔达 erda 达 da | kazakhstan | 哈萨克斯坦 kazakhstan hasakesitan | hskst | 萨克斯坦 sakesitan 克斯坦 kesitan 斯坦 sitan 坦 tan
201001238	America/Argentina/Buenos_Aires	La Rioja	Argentina	La Rioja	拉里奥哈	阿根廷	la li ao ha	la rioja | 拉里奥哈 la rioja laliaoha | lr | llah | rioja | 里奥哈 liaoha 奥哈 aoha 哈 ha | argentina | 阿根廷 argentina agenting | agt | 根廷 genting 廷 ting
201000010	Asia/Chongqing	Lhasa	China	Lhasa	拉萨	中国	la sa	lhasa | 拉萨 lhasa lasa | ls | 萨 sa | china | 中国 china zhongguo | zg | states | 国 guo
201001239	America/Chicago	Little Rock	United States	Little Rock	小石城	美国	xiao shi cheng	little rock | 小石城 little rock xiaoshicheng | lr | xsc | rock | 石城 shicheng 城 cheng | united states | 美国 united states meiguo | us | mg | states | 国 guo
201001240	America/Los_Angeles	Los Altos	United States	Los Altos	洛斯阿尔托斯	美国	luo si a er tuo si	los altos | 洛斯阿尔托斯 los altos luosiaertuosi | la | lsaets | altos | 斯阿尔托斯 siaertuosi 阿尔托斯 aertuosi 尔托斯 ertuosi 托斯 tuosi 斯 si | united states | 美国 united states meiguo | us | mg | states | 国 guo
201001241	America/Los_Angeles	Los Gatos	United States	Los Gatos	洛斯加托斯	美国	luo si jia tuo si	los gatos | 洛斯加托斯 los gatos luosijiatuosi | lg | lsjts | gatos | 斯加托斯 sijiatuosi 加托斯 jiatuosi 托斯 tuosi 斯 si | united states | 美国 united states meiguo | us | mg | maarten | 国 guo
201001242	America/Blanc-Sablon	Lower Prince's Quarter	Sint Maarten	Lower Prince's Quarter	下太子区	荷属圣马丁	xia tai zi qu	lower prince's quarter | 下太子区 lower prince's quarter xiataiziqu | lpq | xtzq | prince'squarter quarter | 太子区 taiziqu 子区 ziqu 区 qu | sint maarten | 荷属圣马丁 sint maarten heshushengmading | sm | hssmd | 属圣马丁 shushengmading 圣马丁 shengmading 马丁 mading 丁 ding
201000314	Europe/Paris	Lyon	France	Lyon	里昂	法国	li ang	lyon | 里昂 lyon liang | la | 昂 ang | france | 法国 france faguo | fg | 国 guo
201000893	Indian/Maldives	Malé	Maldives	Malé	马累	马尔代夫	ma lei	malé | 马累 malé malei | ml | 累 lei | maldives | 马尔代夫 maldives maerdaifu | medf | 尔代夫 erdaifu 代夫 daifu 夫 fu
201001243	Europe/Stockholm	Malmo	Sweden	Malmo	马尔摩	瑞典	ma er mo	malmo | 马尔摩 malmo maermo | mem | 尔摩 ermo 摩 mo | sweden | 瑞典 sweden ruidian | rd | 典 dian
201000778	Asia/Bahrain	Manama	Bahrain	Manama	麦纳麦	巴林	mai na mai	manama | 麦纳麦 manama mainamai | mnm | 纳麦 namai 麦 mai | bahrain | 巴林 bahrain balin | bl | 林 lin
201000312	Europe/Paris	Marseille	France	Marseille	马赛	法国	ma sai	marseille | 马赛 marseille masai | ms | 赛 sai | france | 法国 france faguo | fg | arabia | 国 guo
201000528	Asia/Baghdad	Mecca	Saudi Arabia	Mecca	麦加	沙特阿拉伯	mai jia	mecca | 麦加 mecca maijia | mj | 加 jia | saudi arabia | 沙特阿拉伯 saudi arabia shatealabo | sa | stalb | states | 特阿拉伯 tealabo 阿拉伯 alabo 拉伯 labo 伯 bo
201001244	America/Los_Angeles	Menlo Park	United States	Menlo Park	门洛帕克	美国	men luo pa ke	menlo park | 门洛帕克 menlo park menluopake | mp | mlpk | park | 洛帕克 luopake 帕克 pake 克 ke | united states | 美国 united states meiguo | us | mg | 国 guo
201001245	Europe/Rome	Messina	Italy	Messina	墨西拿	意大利	mo xi na	messina | 墨西拿 messina moxina | mxn | 西拿 xina 拿 na | italy | 意大利 italy yidali | ydl | states | 大利 dali 利 li
201001246	America/Chicago	Milbank	United States	Milbank	米尔班克	美国	mi er ban ke	milbank | 米尔班克 milbank mierbanke | mebk | 尔班克 erbanke 班克 banke 克 ke | united states | 美国 united states meiguo | us | mg | states | 国 guo
201001247	America/Los_Angeles	Monterey	United States	Monterey	蒙特利	美国	meng te li	monterey | 蒙特利 monterey mengteli | mtl | 特利 teli 利 li | united states | 美国 united states meiguo | us | mg | states | 国 guo
201001248	America/New_York	Montpelier	United States	Montpelier	蒙彼利埃	美国	meng bi li ai	montpelier | 蒙彼利埃 montpelier mengbiliai | mbla | 彼利埃 biliai 利埃 liai 埃 ai | united states | 美国 united states meiguo | us | mg | 国 guo
101190101	Asia/Chongqing	Nanjing	China	Nanjing	南京	中国	nan jing	nanjing | 南京 nanjing nanjing | nj | 京 jing | china | 中国 china zhongguo | zg | states | 国 guo
201001249	America/Los_Angeles	Napa	United States	Napa	纳帕	美国	na pa	napa | 纳帕 napa napa | np | 帕 pa | united states | 美国 united states meiguo | us | mg | 国 guo
201000284	Europe/Rome	Naples	Italy	Naples	那不勒斯	意大利	na bu le si	naples | 那不勒斯 naples nabulesi | nbls | 不勒斯 bulesi 勒斯 lesi 斯 si | italy | 意大利 italy yidali | ydl | 大利 dali 利 li
201001250	Europe/Zurich	Naters	Switzerland	Naters	纳特	瑞士	na te	naters | 纳特 naters nate | nt | 特 te | switzerland | 瑞士 switzerland ruishi | rs | 士 shi
201000359	Asia/Kolkata	New Delhi	India	New Delhi	新德里	印度	xin de li	new delhi | 新德里 new delhi xindeli | nd | xdl | delhi | 德里 deli 里 li | india | 印度 india yindu | yd | states | 度 du
201001251	America/Los_Angeles	Novato	United States	Novato	诺瓦托	美国	nuo wa tuo	novato | 诺瓦托 novato nuowatuo | nwt | 瓦托 watuo 托 tuo | united states | 美国 united states meiguo | us | mg | 国 guo
201001252	America/Godthab	Nuuk	Greenland	Nuuk	努克	格陵兰	nu ke	nuuk | 努克 nuuk nuke | nk | 克 ke | greenland | 格陵兰 greenland gelinglan | gll | states | 陵兰 linglan 兰 lan
201001253	America/Los_Angeles	Oakland	United States	Oakland	奥克兰	美国	ao ke lan	oakland | 奥克兰 oakland aokelan | akl | 克兰 kelan 兰 lan | united states | 美国 united states meiguo | us | mg | states | 国 guo
201001254	America/Chicago	Omaha	United States	Omaha	奥马哈	美国	ao ma ha	omaha | 奥马哈 omaha aomaha | amh | 马哈 maha 哈 ha | united states | 美国 united states meiguo | us | mg | 国 guo
201001255	America/Aruba	Oranjestad	Aruba	Oranjestad	奥拉涅斯塔德	阿鲁巴	ao la nie si ta de	oranjestad | 奥拉涅斯塔德 oranjestad aolaniesitade | alnstd | 拉涅斯塔德 laniesitade 涅斯塔德 niesitade 斯塔德 sitade 塔德 tade 德 de | aruba | 阿鲁巴 aruba aluba | alb | states | 鲁巴 luba 巴 ba
201001256	America/Los_Angeles	Pacifica	United States	Pacifica	帕西菲卡	美国	pa xi fei ka	pacifica | 帕西菲卡 pacifica paxifeika | pxfk | 西菲卡 xifeika 菲卡 feika 卡 ka | united states | 美国 united states meiguo | us | mg | 国 guo
201000292	Europe/Rome	Palermo	Italy	Palermo	巴勒莫	意大利	ba le mo	palermo | 巴勒莫 palermo balemo | blm | 勒莫 lemo 莫 mo | italy | 意大利 italy yidali | ydl | states | 大利 dali 利 li
201001257	America/Los_Angeles	Palo Alto	United States	Palo Alto	帕洛阿尔托	美国	pa luo a er tuo	palo alto | 帕洛阿尔托 palo alto paluoaertuo | pa | plaet | alto | 洛阿尔托 luoaertuo 阿尔托 aertuo 尔托 ertuo 托 tuo | united states | 美国 united states meiguo | us | mg | 国 guo
201001258	Asia/Yekaterinburg	Perm	Russia	Perm	彼尔姆	俄罗斯	bi er mu	perm | 彼尔姆 perm biermu | bem | 尔姆 ermu 姆 mu | russia | 俄罗斯 russia eluosi | els | states | 罗斯 luosi 斯 si
201001259	America/Los_Angeles	Petaluma	United States	Petaluma	佩塔卢马	美国	pei ta lu ma	petaluma | 佩塔卢马 petaluma peitaluma | ptlm | 塔卢马 taluma 卢马 luma 马 ma | united states | 美国 united states meiguo | us | mg | states | 国 guo
201001260	America/Los_Angeles	Pleasanton	United States	Pleasanton	普莱森顿	美国	pu lai sen dun	pleasanton | 普莱森顿 pleasanton pulaisendun | plsd | 莱森顿 laisendun 森顿 sendun 顿 dun | united states | 美国 united states meiguo | us | mg | 国 guo
201000821	Indian/Mauritius	Port Louis	Mauritius	Port Louis	路易港	毛里求斯	lu yi gang	port louis | 路易港 port louis luyigang | pl | lyg | louis | 易港 yigang 港 gang | mauritius | 毛里求斯 mauritius maoliqiusi | mlqs | verde | 里求斯 liqiusi 求斯 qiusi 斯 si
201000670	Atlantic/Cape_Verde	Praia	Cape Verde	Praia	普拉亚	佛得角	pu la ya	praia | 普拉亚 praia pulaya | ply | 拉亚 laya 亚 ya | cape verde | 佛得角 cape verde fodejiao | cv | fdj | 得角 dejiao 角 jiao
201001261	Europe/Belgrade	Pristina	Kosovo	Pristina	普里什蒂纳	科索沃	pu li shi di na	pristina | 普里什蒂纳 pristina pulishidina | plsdn | 里什蒂纳 lishidina 什蒂纳 shidina 蒂纳 dina 纳 na | kosovo | 科索沃 kosovo kesuowo | ksw | 索沃 suowo 沃 wo
201001262	America/Mexico_City	Puerto Vallarta	Mexico	Puerto Vallarta	巴亚尔塔港	墨西哥	ba ya er ta gang	puerto vallarta | 巴亚尔塔港 puerto vallarta bayaertagang | pv | byetg | vallarta | 亚尔塔港 yaertagang 尔塔港 ertagang 塔港 tagang 港 gang | mexico | 墨西哥 mexico moxige | mxg | 西哥 xige 哥 ge
101120201	Asia/Chongqing	Qingdao	China	Qingdao	青岛	中国	qing dao	qingdao | 青岛 qingdao qingdao | qd | 岛 dao | china | 中国 china zhongguo | zg | 国 guo
201000708	America/Guayaquil	Quito	Ecuador	Quito	基多	厄瓜多尔	ji duo	quito | 基多 quito jiduo | jd | 多 duo | ecuador | 厄瓜多尔 ecuador eguaduoer | egde | 瓜多尔 guaduoer 多尔 duoer 尔 er
201000790	Africa/Casablanca	Rabat	Morocco	Rabat	拉巴特	摩洛哥	la ba te	rabat | 拉巴特 rabat labate | lbt | 巴特 bate 特 te | morocco | 摩洛哥 morocco moluoge | mlg | 洛哥 luoge 哥 ge
201001263	America/Rainy_River	Rainy River	Canada	Rainy River	雷尼河	加拿大	lei ni he	rainy river | 雷尼河 rainy river leinihe | rr | lnh | river | 尼河 nihe 河 he | canada | 加拿大 canada jianada | jnd | states | 拿大 nada 大 da
201001264	America/Los_Angeles	Redwood City	United States	Redwood City	雷德伍德城	美国	lei de wu de cheng	redwood city | 雷德伍德城 redwood city leidewudecheng | rc | ldwdc | city | 德伍德城 dewudecheng 伍德城 wudecheng 德城 decheng 城 cheng | united states | 美国 united states meiguo | us | mg | 国 guo
201001265	America/Resolute	Resolute	Canada	Resolute	雷索卢特	加拿大	lei suo lu te	resolute | 雷索卢特 resolute leisuolute | lslt | 索卢特 suolute 卢特 lute 特 te | canada | 加拿大 canada jianada | jnd | polynesia | 拿大 nada 大 da
201001266	Pacific/Gambier	Rikitea	French Polynesia	Rikitea	里基提亚	法属波利尼西亚	li ji ti ya	rikitea | 里基提亚 rikitea lijitiya | ljty | 基提亚 jitiya 提亚 tiya 亚 ya | french polynesia | 法属波利尼西亚 french polynesia fashubolinixiya | fp | fsblnxy | 属波利尼西亚 shubolinixiya 波利尼西亚 bolinixiya 利尼西亚 linixiya 尼西亚 nixiya 西亚 xiya 亚 ya
201001267	America/Dominica	Roseau	Dominica	Roseau	罗索	多米尼加	luo suo	roseau | 罗索 roseau luosuo | ls | 索 suo | dominica | 多米尼加 dominica duominijia | dmnj | 米尼加 minijia 尼加 nijia 加 jia
201001268	Europe/Guernsey	Saint Peter Port	Guernsey	Saint Peter Port	圣彼得港	根西岛	sheng bi de gang	saint peter port | 圣彼得港 saint peter port shengbidegang | spp | sbdg | peterport port | 彼得港 bidegang 得港 degang 港 gang | guernsey | 根西岛 guernsey genxidao | gxd | 西岛 xidao 岛 dao
201000248	America/Bahia	Salvador	Brazil	Salvador	萨尔瓦多	巴西	sa er wa duo	salvador | 萨尔瓦多 salvador saerwaduo | sewd | 尔瓦多 erwaduo 瓦多 waduo 多 duo | brazil | 巴西 brazil baxi | bx | 西 xi
201000495	Europe/Vienna	Salzburg	Austria	Salzburg	萨尔茨堡	奥地利	sa er ci bao	salzburg | 萨尔茨堡 salzburg saercibao | secb | 尔茨堡 ercibao 茨堡 cibao 堡 bao | austria | 奥地利 austria aodili | adl | states | 地利 dili 利 li
201001269	America/Los_Angeles	San Bruno	United States	San Bruno	圣彼得港	美国	sheng bi de gang	san bruno | 圣彼得港 san bruno shengbidegang | sb | sbdg | bruno | 彼得港 bidegang 得港 degang 港 gang | united states | 美国 united states meiguo | us | mg | states | 国 guo
201001270	America/Los_Angeles	San Carlos	United States	San Carlos	圣卡洛斯	美国	sheng ka luo si	san carlos | 圣卡洛斯 san carlos shengkaluosi | sc | skls | carlos | 卡洛斯 kaluosi 洛斯 luosi 斯 si | united states | 美国 united states meiguo | us | mg | states | 国 guo
201001271	America/Los_Angeles	San Jose	United States	San Jose	圣何塞	美国	sheng he sai	san jose | 圣何塞 san jose shenghesai | sj | shs | jose | 何塞 hesai 塞 sai | united states | 美国 united states meiguo | us | mg | rico | 国 guo
201000827	America/Puerto_Rico	San Juan	Puerto Rico	San Juan	圣胡安	波多黎各	sheng hu an	san juan | 圣胡安 san juan shenghuan | sj | sha | juan | 胡安 huan 安 an | puerto rico | 波多黎各 puerto rico boduolige | pr | bdlg | states | 多黎各 duolige 黎各 lige 各 ge
201001272	America/Los_Angeles	San Leandro	United States	San Leandro	圣莱安德罗	美国	sheng lai an de luo	san leandro | 圣莱安德罗 san leandro shenglaiandeluo | sl | sladl | leandro | 莱安德罗 laiandeluo 安德罗 andeluo 德罗 deluo 罗 luo | united states | 美国 united states meiguo | us | mg | states | 国 guo
201001273	America/Los_Angeles	San Mateo	United States	San Mateo	圣马特奥市	美国	sheng ma te ao shi	san mateo | 圣马特奥市 san mateo shengmateaoshi | sm | smtas | mateo | 马特奥市 mateaoshi 特奥市 teaoshi 奥市 aoshi 市 shi | united states | 美国 united states meiguo | us | mg | states | 国 guo
201001274	America/Los_Angeles	San Pablo	United States	San Pablo	圣巴勃罗	美国	sheng ba bo luo	san pablo | 圣巴勃罗 san pablo shengbaboluo | sp | sbbl | pablo | 巴勃罗 baboluo 勃罗 boluo 罗 luo | united states | 美国 united states meiguo | us | mg | states | 国 guo
201001275	America/Los_Angeles	San Rafael	United States	San Rafael	圣拉斐尔	美国	sheng la fei er	san rafael | 圣拉斐尔 san rafael shenglafeier | sr | slfe | rafael | 拉斐尔 lafeier 斐尔 feier 尔 er | united states | 美国 united states meiguo | us | mg | states | 国 guo
201001276	America/Los_Angeles	San Ramon	United States	San Ramon	圣拉蒙	美国	sheng la meng	san ramon | 圣拉蒙 san ramon shenglameng | sr | slm | ramon | 拉蒙 lameng 蒙 meng | united states | 美国 united states meiguo | us | mg | states | 国 guo
201001277	America/Los_Angeles	Santa Clara	United States	Santa Clara	圣克拉拉	美国	sheng ke la la	santa clara | 圣克拉拉 santa clara shengkelala | sc | skll | clara | 克拉拉 kelala 拉拉 lala 拉 la | united states | 美国 united states meiguo | us | mg | states | 国 guo
201001278	America/Tijuana	Santa Cruz	United States	Santa Cruz	圣克鲁兹	美国	sheng ke lu zi	santa cruz | 圣克鲁兹 santa cruz shengkeluzi | sc | sklz | cruz | 克鲁兹 keluzi 鲁兹 luzi 兹 zi | united states | 美国 united states meiguo | us | mg | 国 guo
201001279	America/Araguaina	Santa Isabel	Mexico	Santa Isabel	圣伊萨贝尔	墨西哥	sheng yi sa bei er	santa isabel | 圣伊萨贝尔 santa isabel shengyisabeier | si | sysbe | isabel | 伊萨贝尔 yisabeier 萨贝尔 sabeier 贝尔 beier 尔 er | mexico | 墨西哥 mexico moxige | mxg | 西哥 xige 哥 ge
101070101	Asia/Chongqing	Shenyang	China	Shenyang	沈阳	中国	shen yang	shenyang | 沈阳 shenyang shenyang | sy | 阳 yang | china | 中国 china zhongguo | zg | 国 guo
101280601	Asia/Chongqing	Shenzhen	China	Shenzhen	深圳	中国	shen zhen	shenzhen | 深圳 shenzhen shenzhen | sz | 圳 zhen | china | 中国 china zhongguo | zg | states | 国 guo
201001280	America/Denver	Shiprock	United States	Shiprock	希普罗克	美国	xi pu luo ke	shiprock | 希普罗克 shiprock xipuluoke | xplk | 普罗克 puluoke 罗克 luoke 克 ke | united states | 美国 united states meiguo | us | mg | states | 国 guo
201001281	America/Chicago	Sioux Falls	United States	Sioux Falls	苏福尔斯	美国	su fu er si	sioux falls | 苏福尔斯 sioux falls sufuersi | sf | sfes | falls | 福尔斯 fuersi 尔斯 ersi 斯 si | united states | 美国 united states meiguo | us | mg | 国 guo
201001282	America/Grenada	St. Georges	Grenada	St. Georges	圣乔治	格林纳达	sheng qiao zhi	st. georges | 圣乔治 st. georges shengqiaozhi | sg | sqz | georges | 乔治 qiaozhi 治 zhi | grenada | 格林纳达 grenada gelinnada | glnd | ofjersey jersey | 林纳达 linnada 纳达 nada 达 da
201001283	Europe/London	St. Helier	Bailiwick of Jersey	St. Helier	圣艾利耶	泽西行政区	sheng ai li ye	st. helier | 圣艾利耶 st. helier shengailiye | sh | saly | helier | 艾利耶 ailiye 利耶 liye 耶 ye | bailiwick of jersey | 泽西行政区 bailiwick of jersey zexixingzhengqu | boj | zxxzq | states | 西行政区 xixingzhengqu 行政区 xingzhengqu 政区 zhengqu 区 qu
201001284	America/Los_Angeles	Sunnyvale	United States	Sunnyvale	森尼韦尔	美国	sen ni wei er	sunnyvale | 森尼韦尔 sunnyvale senniweier | snwe | 尼韦尔 niweier 韦尔 weier 尔 er | united states | 美国 united states meiguo | us | mg | 国 guo
201001285	Pacific/Fiji	Suva	Fiji	Suva	苏瓦	斐济	su wa	suva | 苏瓦 suva suwa | sw | 瓦 wa | fiji | 斐济 fiji feiji | fj | polynesia | 济 ji
201001286	America/Anguilla	The Valley	Anguilla	The Valley	山谷市	安圭拉岛	shan gu shi	the valley | 山谷市 the valley shangushi | tv | sgs | valley | 谷市 gushi 市 shi | anguilla | 安圭拉岛 anguilla anguiladao | agld | 圭拉岛 guiladao 拉岛 ladao 岛 dao
201001287	Europe/Athens	Thessaloniki	Greece	Thessaloniki	塞萨洛尼基	希腊	sai sa luo ni ji	thessaloniki | 塞萨洛尼基 thessaloniki saisaluoniji | sslnj | 萨洛尼基 saluoniji 洛尼基 luoniji 尼基 niji 基 ji | greece | 希腊 greece xila | xl | 腊 la
201001288	Europe/Paris	Tréhet	France	Tréhet	特雷埃	法国	te lei ai	tréhet | 特雷埃 tréhet teleiai | tla | 雷埃 leiai 埃 ai | france | 法国 france faguo | fg | 国 guo
201000310	Europe/Rome	Turin	Italy	Turin	都灵	意大利	du ling	turin | 都灵 turin duling | dl | 灵 ling | italy | 意大利 italy yidali | ydl | 大利 dali 利 li
201001289	UTC	UTC		UTC	协调世界时		xie tiao shi jie shi	utc | 协调世界时 utc xietiaoshijieshi | xtsjs | 调世界时 tiaoshijieshi 世界时 shijieshi 界时 jieshi 时 shi
201001290	America/Los_Angeles	Vallejo	United States	Vallejo	委利贺	美国	wei li he	vallejo | 委利贺 vallejo weilihe | wlh | 利贺 lihe 贺 he | united states | 美国 united states meiguo | us | mg | states | 国 guo
201000896	Europe/Malta	Valleta	Malta	Valleta	瓦莱塔	马耳他	wa lai ta	valleta | 瓦莱塔 valleta walaita | wlt | 莱塔 laita 塔 ta | malta | 马耳他 malta maerta | met | 耳他 erta 他 ta
201000296	Europe/Rome	Verona	Italy	Verona	维罗纳	意大利	wei luo na	verona | 维罗纳 verona weiluona | wln | 罗纳 luona 纳 na | italy | 意大利 italy yidali | ydl | 大利 dali 利 li
201001291	Pacific/Chatham	Waitangi	New Zealand	Waitangi	怀唐伊	新西兰	huai tang yi	waitangi | 怀唐伊 waitangi huaitangyi | hty | 唐伊 tangyi 伊 yi | new zealand | 新西兰 new zealand xinxilan | nz | xxl | zealand | 西兰 xilan 兰 lan
201001292	America/Los_Angeles	Walnut Creek	United States	Walnut Creek	核桃溪市	美国	he tao xi shi	walnut creek | 核桃溪市 walnut creek hetaoxishi | wc | htxs | creek | 桃溪市 taoxishi 溪市 xishi 市 shi | united states | 美国 united states meiguo | us | mg | states | 国 guo
201000209	Pacific/Auckland	Wellington	New Zealand	Wellington	惠灵顿	新西兰	hui ling dun	wellington | 惠灵顿 wellington huilingdun | hld | 灵顿 lingdun 顿 dun | new zealand | 新西兰 new zealand xinxilan | nz | xxl | zealand | 西兰 xilan 兰 lan
201000852	UTC	Yamoussoukro	Cote d'Ivoire	Yamoussoukro	亚穆苏克罗	科特迪瓦	ya mu su ke luo	yamoussoukro | 亚穆苏克罗 yamoussoukro yamusukeluo | ymskl | 穆苏克罗 musukeluo 苏克罗 sukeluo 克罗 keluo 罗 luo | cote d'ivoire | 科特迪瓦 cote d'ivoire ketediwa | cd | ktdw | d'ivoire | 特迪瓦 tediwa 迪瓦 diwa 瓦 wa
201000603	Asia/Rangoon	Yangon	Burma	Yangon	仰光	缅甸	yang guang	yangon | 仰光 yangon yangguang | yg | 光 guang | burma | 缅甸 burma miandian | md | 甸 dian
201000712	Africa/Douala	Yaounde	Cameroon	Yaounde	雅温德	喀麦隆	ya wen de	yaounde | 雅温德 yaounde yawende | ywd | 温德 wende 德 de | cameroon | 喀麦隆 cameroon kamailong | kml | 麦隆 mailong 隆 long
201001293	Pacific/Norfolk	Kingston	Norfolk Island	Kingston	金斯敦	诺福克岛	jin si dun	kingston | 金斯敦 kingston jinsidun | jsd | 斯敦 sidun 敦 dun | norfolk island | 诺福克岛 norfolk island nuofukedao | ni | nfkd | island | 福克岛 fukedao 克岛 kedao 岛 dao
201000125	America/Montreal	Quebec City	Canada	Quebec City	魁北克市	加拿大	kui bei ke shi	quebec city | 魁北克市 quebec city kuibeikeshi | qc | kbks | city | 北克市 beikeshi 克市 keshi 市 shi | canada | 加拿大 canada jianada | jnd | 拿大 nada 大 da
201000266	Europe/Berlin	Düsseldorf	Germany	Düsseldorf	杜塞尔多夫	德国	du sai er duo fu	düsseldorf | 杜塞尔多夫 düsseldorf dusaierduofu | dsedf | 塞尔多夫 saierduofu 尔多夫 erduofu 多夫 duofu 夫 fu | germany | 德国 germany deguo | dg | 国 guo
CL	Asia/Shanghai	Beijing Greenland Center		Beijing Greenland Center	北京绿地中心	中国	bei jing lv di zhong xin	Beijing Greenland Center | 北京绿地中心 beijing greenland center beijinglvdizhongxin
CMZW	Asia/Chongqing	No.99 Mengzhuiwan Bystreet		No.99 Mengzhuiwan Bystreet	猛追湾横街99号	中国	meng zhui wan heng jie 99 hao	No.99 Mengzhuiwan Bystreet | 猛追湾横街九十九号 猛追湾横街99号 no.99 mengzhuiwan bystreet mengzhuiwanhengjie99hao
CSM	Asia/Chongqing	Shimao Plaza, Chengdu		Shimao Plaza, Chengdu	成都世茂大厦	中国	cheng du shi mao da sha	Shimao Plaza, Chengdu | 成都世茂大厦 shimao plaza, chengdu chengdushimaodasha
CLT	Asia/Chongqing	Longtan Industrial Park, Chengdu		Longtan Industrial Park, Chengdu	成都龙潭工业园	中国	cheng du long tan gong ye yuan	Longtan Industrial Park, Chengdu | 成都龙潭工业园 longtan industrial park, chengdu chengdulongtangongyeyuan
CSMG	Asia/Shanghai	China Digital Kingdom		China Digital Kingdom	中国数码港大厦	中国	zhong guo shu ma gang da sha	China Digital Kingdom | 中国数码港大厦 china digital kingdom zhongguoshumagangdasha
CWJB	Asia/Shanghai	No.1 North Wangjing Road		No.1 North Wangjing Road	望京北路1号	中国	wang jing bei lu yi hao	No.1 North Wangjing Road | 望京北路一号 望京北路1号 no.1 north wangjing road wangjingbeiluyihao
